uuid,name,slope,parking_area,number_of_households,area,is_remodeled,construction_year,green_space_area,internet_speed,rating,common_area_cleaning_frequancy,garbage_recycling_frequency,concierge_service,average_price_per_pyeong,newlyweds_benefits,pop,pop_ratio,pop_increase,taxi,income,income_increase,geometry
apartment_1165010806,밀라텔쉐르빌(엠쉐르빌),1.357590437,128,125,6175.7,거짓,2001,19.65498744,,0,매주,매주,1,24310177.37,,564,"[0.104227308, 3.591107652, 20.75919539, 20.93923169, 20.82636282, 17.32153286, 11.95966415, 4.49867814]",56,45,4458.61,12.58,"MultiPolygon (((127.02522524 37.49863024, 127.02494664 37.49854551, 127.0248592 37.49872822, 127.02513687 37.49881185, 127.02522524 37.49863024)))"
apartment_1165010632,신반포19차,0.213828161,0,242,1805.09,거짓,1982,19.99174107,,2,매주,매주,1,50837151.49,,667,"[2.444660901, 10.1972107, 17.04775882, 19.02629528, 21.28903047, 15.45933834, 10.5863115, 3.949393989]",4,2,5985.13,11.12,"MultiPolygon (((127.0101925 37.51348074, 127.01015128 37.51347831, 127.00979425 37.513747, 127.00973714 37.51379259, 127.00948306 37.51398204, 127.0092886 37.51412181, 127.01012701 37.51495617, 127.01106604 37.51434184, 127.0101925 37.51348074)))"
apartment_1165010816,강남역푸르지오시티오피스텔,0.369096905,25,137,23833.35,거짓,2014,18.52384731,,2,매주,매주,1,22025721.49,,825,"[1.784672676, 7.992283862, 21.0212695, 22.86715993, 22.23064801, 13.9226728, 7.766030726, 2.415262504]",28,23,5288.83,16.6,"MultiPolygon (((127.02911434 37.49179321, 127.02909724 37.49183029, 127.02935703 37.49190491, 127.02944714 37.49171854, 127.02915179 37.49163374, 127.02916034 37.49161534, 127.02884115 37.49151924, 127.02875964 37.49168832, 127.02911434 37.49179321)))"
apartment_1165010822,롯데캐슬주피터,1.361078024,288,110,1735,거짓,2003,20.0797526,,3,매주,매주,1,51238851.03,,323,"[1.668658468, 6.640079181, 15.72501903, 21.0902935, 24.21749312, 16.929804, 10.22249425, 3.506158444]",7,6,8199.55,29.66,"MultiPolygon (((127.03076723 37.48639811, 127.03034774 37.48627409, 127.02998271 37.48702966, 127.03000137 37.48706254, 127.03039433 37.48718173, 127.03076723 37.48639811)))"
apartment_1165010720,신반포궁전,3.16932559,54,108,1629.25,거짓,1984,19.31701999,,3,매주,매주,1,48804303.99,,331,"[1.613480026, 6.013598272, 14.25427063, 20.98265838, 25.56822774, 18.68339676, 10.61511089, 2.269257299]",12,3,6976.29,20.06,"MultiPolygon (((127.00003846 37.50057052, 127.00053545 37.50076702, 127.00063857 37.50060943, 127.00089798 37.50072432, 127.00107451 37.50044303, 127.00105211 37.5004157, 127.00110288 37.50036769, 127.00129833 37.50014668, 127.00141181 37.49977999, 127.0"
apartment_1165010630,신반포20차,1.23451376,0,112,4667.65,거짓,1983,19.95724765,,4,매주,매주,1,47133032.3,,302,"[2.076352308, 8.138672899, 14.38505008, 19.7064486, 24.07723449, 18.25354854, 10.59214492, 2.770548175]",1,1,7536.91,30.39,"MultiPolygon (((127.01121675 37.51067739, 127.01168547 37.51038346, 127.01202404 37.51051136, 127.01216487 37.51043256, 127.0124629 37.51024931, 127.01259091 37.51016997, 127.01256728 37.51014884, 127.01249907 37.51010711, 127.01225556 37.50986982, 127.0"
apartment_1165010633,신반포청구,0.285358548,0,347,34549.53,거짓,1998,19.55768694,,4,매주,매주,1,57589194.19,,467,"[2.978950302, 8.387786121, 13.84241424, 20.44155473, 23.39971987, 16.90601093, 10.48283571, 3.560728095]",10,4,6842.18,9.34,"MultiPolygon (((127.00904803 37.51383458, 127.00851525 37.51343097, 127.00789072 37.5141145, 127.0078508 37.51416144, 127.00774946 37.51426912, 127.00774222 37.5142775, 127.00774007 37.5142848, 127.00789754 37.51443886, 127.00832004 37.5148505, 127.00852"
apartment_1165010109,방배현대홈타운1차,0.312661827,792,644,2950.95,거짓,1999,20.89413452,,4,매주,매주,1,29778378.38,,366,"[1.218031935, 8.817878407, 16.76290176, 17.19833987, 21.6818496, 18.37461081, 11.87361785, 4.072769782]",20,21,6526.82,17.88,"MultiPolygon (((126.98322913 37.4894128, 126.98323825 37.48930056, 126.9830322 37.48934479, 126.9830325 37.48940816, 126.98322913 37.4894128)),((126.98457593 37.48756728, 126.98456547 37.48751115, 126.98431223 37.48743844, 126.98428049 37.48749811, 126.9"
apartment_1165010851,삼풍,2.717706203,3776,2390,23767.72,거짓,1988,18.02413043,,5,매주,매주,1,16140432.3,,502,"[1.188128059, 11.07333794, 9.373983079, 14.24746782, 25.90840041, 17.94688203, 12.17765594, 8.084144721]",2,3,7246.1,13.09,"MultiPolygon (((127.0167928 37.49704693, 127.01616434 37.49671322, 127.01598881 37.49662304, 127.01637935 37.49619899, 127.01673594 37.49581103, 127.01651514 37.49577497, 127.01571123 37.49563975, 127.0160276 37.49501381, 127.01593756 37.49500824, 127.01"
apartment_1165010108,대우효령,6.476619244,364,364,4303,거짓,1992,20.00095738,,5,매주,매주,1,24418621.59,,426,"[1.409409137, 12.48400521, 17.06782056, 17.99715263, 20.23849076, 16.49020699, 11.27500624, 3.037908476]",2,1,6461.88,15.67,"MultiPolygon (((126.99457289 37.47928239, 126.99462053 37.47918561, 126.99475391 37.47890855, 126.99463723 37.47885731, 126.99449197 37.47891423, 126.99428956 37.47894079, 126.99413478 37.47888385, 126.99389189 37.47879084, 126.99379371 37.47894122, 126."
apartment_1165010804,진흥,0.597328424,744,615,6175.7,거짓,1979,19.2050851,,7,매주,매주,1,17153300.99,,608,"[0.171303738, 3.750191995, 12.49421569, 17.81686055, 23.5994134, 21.20350904, 15.01940497, 5.945100625]",14,13,7365.64,23.87,"MultiPolygon (((127.022896 37.49665718, 127.02169209 37.49628483, 127.02155987 37.49656935, 127.02133706 37.4970905, 127.02105832 37.49780499, 127.0212998 37.49786361, 127.02144929 37.49789222, 127.02158946 37.49794156, 127.0218951 37.49794074, 127.02219"
apartment_1165010639,블루힐하우스,0.335742742,129,125,599.03,거짓,1999,19.606747,,7,매주,매주,1,50346990.35,,450,"[0.34552789, 6.016957033, 11.06082933, 16.24439251, 23.67634751, 20.46559552, 15.11217014, 7.078180055]",8,5,7267.96,6.67,"MultiPolygon (((127.00586754 37.51170261, 127.0060813 37.51177818, 127.00608552 37.51176769, 127.00616412 37.51179791, 127.00617994 37.5117618, 127.00622373 37.51177524, 127.00620421 37.51180967, 127.00618628 37.51180337, 127.00605679 37.51204977, 127.00"
apartment_1165010125,쌍용예가클래식,0.145911127,205,216,2950.95,거짓,1978,20.60265754,,9,매주,매주,1,35622750.47,,685,"[3.881991396, 9.985209744, 13.32549285, 19.66313889, 24.12483881, 15.57799868, 9.157794753, 4.283534881]",11,5,7087.57,18.45,"MultiPolygon (((126.98826559 37.49335782, 126.98729592 37.49296133, 126.98723924 37.49298139, 126.98708801 37.49352828, 126.98712578 37.49354835, 126.98696825 37.49411028, 126.98700602 37.4941705, 126.98755382 37.49439635, 126.9876483 37.49435622, 126.98"
apartment_1165010829,현대슈퍼빌,4.875388622,1529,645,2459,거짓,2003,18.52112165,,10,매주,매주,1,32593399.26,,661,"[1.068714351, 7.496168492, 16.39053473, 19.66038352, 22.36130466, 17.62123103, 11.55254302, 3.849120201]",15,11,10191.66,32.74,"MultiPolygon (((127.01613289 37.48239166, 127.01501357 37.48191634, 127.01493296 37.48191995, 127.0148969 37.48196564, 127.01507164 37.48230421, 127.01491085 37.48328065, 127.01671023 37.48399501, 127.01736607 37.48292556, 127.01622275 37.48244013, 127.0"
apartment_1165010605,잠원월드메르디앙,1.095437288,132,107,1399.68,거짓,2002,20.03146023,,11,매주,매주,1,17463828.53,,317,"[0.09142117, 2.677179715, 11.84278959, 18.95571212, 24.69484417, 22.07307357, 14.70026144, 4.964718229]",10,4,6189,22.73,"MultiPolygon (((127.01702841 37.512618, 127.01677674 37.51232974, 127.01671816 37.51235995, 127.01649412 37.51234351, 127.01650099 37.51226663, 127.01625455 37.51225019, 127.01617372 37.5130725, 127.01623059 37.51307661, 127.01633226 37.51302032, 127.016"
apartment_1165010119,방배아크로리버,3.505049388,373,222,2226.47,거짓,2004,18.51912774,,12,매주,매주,1,33997610.16,,290,"[2.112002182, 8.558511123, 15.65495429, 18.35173931, 22.7246829, 17.51574538, 10.93043988, 4.151924931]",23,16,8391.22,21.79,"MultiPolygon (((126.98469854 37.49829372, 126.98476594 37.49805861, 126.98498875 37.49809868, 126.98512984 37.49756624, 126.98447343 37.4974762, 126.98378478 37.49748678, 126.98384919 37.49756442, 126.98417236 37.49787832, 126.98446572 37.49814548, 126.9"
apartment_1165010837,서초한신리빙타워,1.625761032,163,103,4270.02,거짓,1999,21.02249527,,12,매주,매주,1,29370955.46,,402,"[4.036018208, 10.66842362, 13.93072887, 18.0055196, 24.23522118, 16.85719459, 8.891599714, 3.375294223]",17,5,5926.98,14.33,"MultiPolygon (((127.01008391 37.4840664, 127.01009016 37.48404401, 127.00997455 37.4840266, 127.00997143 37.48404899, 127.00974648 37.48401915, 127.00965278 37.48429533, 127.01026203 37.48436495, 127.01031198 37.48409873, 127.01008391 37.4840664)))"
apartment_1165010840,서초이오빌,0.895205557,333,462,4270.02,거짓,2003,19.02828544,,13,매주,매주,1,17468197.14,,540,"[1.088781937, 6.492844128, 15.71665517, 21.19740832, 24.69903988, 18.45303374, 9.870935208, 2.481301608]",26,15,4556.71,-1.89,"MultiPolygon (((127.01278969 37.48671711, 127.0128218 37.4866525, 127.01289733 37.48667565, 127.01303483 37.4867178, 127.01317962 37.48642614, 127.01318505 37.4864274, 127.01318968 37.48641803, 127.01289739 37.4863248, 127.01285318 37.48631075, 127.01284"
apartment_1165010849,서초래미안,4.42011261,1818,1129,9226.37,거짓,2003,17.35409982,,15,매주,매주,1,47282366.91,,441,"[3.480076051, 9.57355665, 13.11279426, 21.44833259, 24.44156609, 15.59816658, 9.548483672, 2.797024104]",8,4,8472.29,17.42,"MultiPolygon (((127.01909993 37.50017556, 127.02013346 37.49744703, 127.02000833 37.49746342, 127.01963229 37.49752109, 127.01926279 37.4974656, 127.01923499 37.49743499, 127.01913609 37.49740289, 127.01866852 37.49728792, 127.01832253 37.49784494, 127.0"
apartment_1165010302,동고,5.818644206,281,330,3058.12,거짓,1995,18.85589425,,15,매주,매주,1,31847560.67,,531,"[0.767097438, 2.608073549, 7.961068289, 13.3628547, 17.80133764, 19.74261095, 22.31066955, 15.44628788]",1,8,5960.08,12.34,"MultiPolygon (((127.02436836 37.4710623, 127.02421068 37.47094176, 127.02421637 37.47093499, 127.02403307 37.47080261, 127.02389276 37.47092012, 127.02320279 37.47044803, 127.02311975 37.4703887, 127.02308793 37.47039538, 127.02304743 37.47048539, 127.02"
apartment_1165010308,서초네이처힐4단지,0.835418403,466,409,5807.4,거짓,2011,19.37087228,,16,매주,매주,1,40819509.24,,530,"[0.777866038, 7.94517367, 8.909217347, 16.07930497, 26.79531212, 19.39779669, 13.91765748, 6.177671684]",10,4,4166.29,3.48,"MultiPolygon (((127.02518717 37.46382678, 127.02590356 37.46446465, 127.02624065 37.46424075, 127.0262687 37.46416218, 127.02657754 37.46398304, 127.0266618 37.46397204, 127.027055 37.46363605, 127.02712523 37.46345696, 127.02711106 37.46333364, 127.0270"
apartment_1165010615,강변,0.289592552,324,360,1915.23,거짓,1987,19.36255057,,17,매주,매주,1,55113674.77,,624,"[0.394463019, 5.771384871, 10.76528669, 17.17953967, 23.57222156, 21.44080638, 14.69794083, 6.178356987]",16,7,6225.62,2.3,"MultiPolygon (((127.01199292 37.51843241, 127.01237355 37.5181805, 127.0123923 37.51819839, 127.0126162 37.51804657, 127.01271002 37.51806458, 127.01282401 37.5178621, 127.01283249 37.51783597, 127.01289448 37.51782479, 127.01291903 37.51785416, 127.0132"
apartment_1165010201,양재우성,2.829365492,746,794,1501.77,거짓,1991,18.18263245,,17,매주,매주,1,17196440.08,,526,"[0.284936012, 3.469166112, 11.4971726, 18.18895866, 23.66064456, 21.64676174, 15.32791861, 5.924441706]",5,8,5388.38,9.95,"MultiPolygon (((127.03176167 37.47454073, 127.03154091 37.47443473, 127.03147128 37.47438725, 127.03132994 37.47431204, 127.0311734 37.47447077, 127.03102904 37.47438745, 127.03069272 37.47411015, 127.03062 37.47414059, 127.03059816 37.47415796, 127.0305"
apartment_1165010834,마제스타시티힐스테이트서리풀,2.927004814,150,116,45810,거짓,2017,20.99104987,,18,매주,매주,1,62077591.96,,503,"[0.180260678, 4.417850317, 17.89483484, 18.64620671, 20.74959959, 18.35628635, 13.27807801, 6.476883513]",34,12,5632.07,6.77,"MultiPolygon (((127.00632314 37.49047875, 127.00639266 37.49042863, 127.00654493 37.49005401, 127.00560136 37.48993269, 127.00532325 37.48979816, 127.00490278 37.4896821, 127.00483656 37.48972958, 127.00496902 37.49028622, 127.00537296 37.49081119, 127.0"
apartment_1165010311,서초호반써밋,0.86170119,1100,550,4983,거짓,2013,18.47070148,,20,매주,매주,1,36657790.85,,530,"[0.439885505, 5.21257144, 9.342565026, 15.49234628, 21.84158378, 22.35728851, 17.37073876, 7.943020707]",4,1,8479.62,4.03,"MultiPolygon (((127.01148368 37.45579402, 127.01131204 37.45649808, 127.0115533 37.45664148, 127.01193358 37.45680442, 127.01228523 37.45693803, 127.01257145 37.45699016, 127.01298852 37.45703575, 127.01331153 37.45706506, 127.01378583 37.45705849, 127.0"
apartment_1165010827,더샵서초,1.750636101,1125,329,2459,거짓,2006,18.53792725,,21,매주,매주,1,32970046.09,,442,"[0.161523915, 3.387687183, 12.10493902, 17.93503138, 22.14458741, 20.44692791, 15.53099457, 8.288308596]",18,10,6643.67,6.41,"MultiPolygon (((127.01858048 37.48460813, 127.01898665 37.48392698, 127.01897823 37.48388679, 127.01835026 37.48351104, 127.01800001 37.48394515, 127.01773134 37.48379398, 127.01771758 37.48385968, 127.01751553 37.48420633, 127.01858048 37.48460813)))"
apartment_1165010130,방배대우디오빌,1.209979534,437,412,1317.86,거짓,2005,20.76234131,,21,매주,매주,1,20613217.08,,604,"[0.209660499, 4.196072752, 13.73281572, 18.42334117, 19.50423679, 19.2658426, 16.04028993, 8.627740542]",28,8,4493.76,0.21,"MultiPolygon (((126.98462034 37.48626215, 126.98468232 37.48592387, 126.98409584 37.48585457, 126.98405996 37.48603799, 126.98437818 37.48607697, 126.98438144 37.48606399, 126.98441511 37.48606745, 126.98440424 37.48613148, 126.98441835 37.48613407, 126."
apartment_1165010604,신반포자이,0.088106796,977,607,4667.65,거짓,2018,19.4918893,,22,매주,매주,1,79754765.93,,406,"[2.66402964, 7.955647832, 12.93991516, 19.77927726, 25.69830502, 18.022015, 10.04113046, 2.899679619]",12,5,8466.46,25.13,"MultiPolygon (((127.00738498 37.51078192, 127.00839989 37.51121594, 127.00942645 37.50932502, 127.00872774 37.50906818, 127.00849264 37.50947136, 127.00814553 37.5093465, 127.00738498 37.51078192)))"
apartment_1165010640,반포한신타워,0.259242505,250,250,599.03,거짓,1996,19.57413679,,23,매주,매주,1,21094942.96,,686,"[2.964278343, 8.383010854, 13.05782159, 20.3961893, 24.28727817, 16.93623888, 10.58995558, 3.385227292]",9,4,6520.3,15.34,"MultiPolygon (((127.00569312 37.51025184, 127.00553465 37.51017662, 127.00528754 37.51062433, 127.00576667 37.51078857, 127.0055113 37.5112507, 127.00571964 37.51132385, 127.00580295 37.51135402, 127.00625035 37.51150448, 127.00630362 37.51152214, 127.00"
apartment_1165010111,방배현대홈타운3차,0.636082053,219,123,2950.95,거짓,2004,21.33532376,,24,매주,매주,1,29778378.38,,376,"[2.103806513, 9.451605896, 14.37310873, 18.41713605, 22.86406058, 18.15164634, 10.84294574, 3.795690146]",13,15,7314.33,23.33,"MultiPolygon (((126.98419804 37.49197102, 126.98418388 37.49183948, 126.98416225 37.4918415, 126.98415151 37.49177512, 126.98413897 37.49168619, 126.98418172 37.49166962, 126.98419607 37.49166469, 126.98429889 37.49165198, 126.98430089 37.49162176, 126.9"
apartment_1165010710,반포자이,1.381081104,6070,3410,25737,거짓,2009,17.98657227,,24,매주,매주,1,70480406.94,,480,"[0.303925215, 4.699996273, 13.78801444, 18.06410146, 23.04383581, 19.82754177, 14.2826215, 5.989963529]",7,4,14198.86,39.82,"MultiPolygon (((127.0156809 37.50904331, 127.01686537 37.50595652, 127.01756255 37.50413524, 127.0172936 37.50404823, 127.01716749 37.50386747, 127.01710863 37.5037001, 127.01712541 37.50361305, 127.01678927 37.5037537, 127.01549513 37.50443011, 127.0150"
apartment_1165010117,방배래미안타워,3.945765305,640,344,2873.94,거짓,2005,19.74185859,,24,매주,매주,1,36481337.69,,507,"[1.601560323, 7.304851243, 14.40939909, 18.8368162, 23.02609826, 20.03789356, 12.16909693, 2.614284387]",9,3,6302.26,17.97,"MultiPolygon (((126.99277038 37.47417988, 126.9927252 37.47416379, 126.99189572 37.47438349, 126.99108931 37.47459412, 126.98966569 37.47499097, 126.98964198 37.47502243, 126.9898411 37.47547007, 126.98988223 37.47548938, 126.9912836 37.47510064, 126.992"
apartment_1165010853,서초교대e편한세상,3.650167465,761,435,3836.91,거짓,2010,17.80344413,,26,매주,매주,1,57302462.34,,696,"[0.593437464, 5.917638263, 11.76400355, 17.9133963, 24.3700397, 20.29632248, 12.77225286, 6.372909387]",1,1,8795.36,26.42,"MultiPolygon (((127.01840965 37.49707967, 127.01692517 37.49630477, 127.01756688 37.4956015, 127.01717307 37.4953804, 127.01605271 37.49662451, 127.01824934 37.49777488, 127.01828738 37.49771317, 127.01803278 37.49757332, 127.01840965 37.49707967)))"
apartment_1165010627,한신타운,1.297524691,0,110,25737,거짓,1989,19.79478166,,27,매주,매주,1,54705659.96,,258,"[1.745391579, 9.628167888, 17.2561201, 19.67153787, 22.26095753, 16.65636241, 10.02771212, 2.7537505]",9,4,8466.46,25.13,"MultiPolygon (((127.01186546 37.50948569, 127.01143276 37.50905732, 127.0113504 37.50906853, 127.01101891 37.50967734, 127.01125496 37.5099077, 127.01157841 37.5096983, 127.01186512 37.50951507, 127.01186916 37.50948931, 127.01186546 37.50948569)))"
apartment_1165010617,신반포16차,0.735792339,0,396,1915.23,거짓,1983,19.58865269,,28,매주,매주,1,61203074.52,,339,"[2.379283583, 6.832493895, 14.35643504, 20.74170858, 23.82857635, 18.07462103, 10.4838373, 3.303044218]",27,12,4757.83,1.64,"MultiPolygon (((127.01091526 37.51823686, 127.01091673 37.51823676, 127.01091799 37.51823692, 127.0109196 37.51823752, 127.01092064 37.51823823, 127.01096361 37.51827595, 127.0112004 37.51812244, 127.01121574 37.5181118, 127.01116777 37.51806759, 127.011"
apartment_1165011104,서초포레스타6단지,1.400778055,614,585,9307.27,거짓,2015,19.03781564,,28,매주,매주,1,42210298.91,,392,"[0.382618082, 3.359837758, 13.49074261, 19.13894201, 21.48480548, 18.65488649, 14.7554554, 8.732712173]",3,1,3386.58,13.75,"MultiPolygon (((127.05481895 37.44957773, 127.05419037 37.45020387, 127.05468879 37.45053663, 127.05482146 37.4506608, 127.05490848 37.45072712, 127.05509664 37.45087746, 127.05526309 37.45099651, 127.05557706 37.450654, 127.05612196 37.45101699, 127.056"
apartment_1165010135,방배아크로타워,2.271681547,190,116,1317.86,거짓,2007,20.86705322,,28,매주,매주,1,29372745.94,,390,"[1.210038144, 11.70494869, 17.80345461, 18.0767534, 21.23698976, 15.8895276, 10.51222233, 3.566065465]",8,2,3580.65,1.47,"MultiPolygon (((126.99562336 37.48302994, 126.99519611 37.48285903, 126.99495504 37.48324247, 126.99538039 37.48341489, 126.99562336 37.48302994)))"
apartment_1165010828,래미안서초유니빌,1.732501388,361,440,2459,거짓,2003,18.78964806,,28,매주,매주,1,21061080.59,,779,"[0.138540899, 3.615184373, 14.49181254, 17.871575, 21.03988937, 19.2891022, 15.12321871, 8.430676913]",25,13,5667.7,12.17,"MultiPolygon (((127.01711499 37.48497512, 127.01712822 37.48493456, 127.01714928 37.48489884, 127.01712391 37.48488891, 127.01713446 37.48487253, 127.01711381 37.48486394, 127.01720036 37.48472738, 127.01719201 37.48472357, 127.01723881 37.48465014, 127."
apartment_1165010132,방배자이,6.144856453,377,136,27368.68,거짓,2003,19.58236694,,30,매주,매주,1,29064328.71,,365,"[0.131327526, 3.230098291, 7.967991334, 12.04021932, 17.39907018, 17.41991923, 24.80628653, 17.0050876]",2,1,6938.84,17.15,"MultiPolygon (((126.99935887 37.48584726, 126.99932522 37.48582479, 126.99857157 37.48590169, 126.9985485 37.48593723, 126.99874516 37.48701945, 126.99877731 37.48704256, 126.99952288 37.48695588, 126.99954768 37.48692435, 126.99935887 37.48584726)))"
apartment_1165010901,서초더샵포레,6.30396843,1757,1264,19284,거짓,2014,16.06596883,,32,매주,매주,1,17147306.47,,690,"[0.727441463, 4.556765757, 7.646623594, 19.16487117, 26.20458619, 18.16509894, 16.89639123, 6.638221659]",3,2,5161.87,2.63,"MultiPolygon (((127.06413544 37.45443779, 127.06425173 37.45440679, 127.06443437 37.45435621, 127.06462989 37.45434432, 127.06477598 37.45434126, 127.06479733 37.45363519, 127.06439047 37.45344769, 127.06422434 37.45316194, 127.06418654 37.45275241, 127."
apartment_1165010306,서초네이처힐2단지,1.891326308,153,133,5807.4,거짓,2012,18.53605783,,32,매주,매주,1,37599965.28,,381,"[0.347868307, 5.298150783, 8.758451137, 17.58748628, 27.08503479, 21.14306803, 14.68442072, 5.09551995]",5,2,4999.04,13.78,"MultiPolygon (((127.02150217 37.46349719, 127.02248765 37.46276654, 127.02190826 37.46238329, 127.02175154 37.46217422, 127.02166732 37.4622228, 127.02153257 37.46227153, 127.02139781 37.46225691, 127.02125089 37.46232057, 127.02118962 37.46237915, 127.0"
apartment_1165010138,방배아트자이,2.602170229,572,353,4271.65,거짓,2018,18.4389408,,33,매주,매주,1,55465538.19,,655,"[0.263615493, 7.600482891, 10.85244017, 15.32760776, 15.77525367, 19.5500026, 17.09427281, 13.53632462]",1,2,7343.96,24.78,"MultiPolygon (((127.00289689 37.48028018, 127.00347101 37.4794098, 127.00344472 37.47934301, 127.00294771 37.47913613, 127.00245885 37.47893248, 127.00237504 37.47895317, 127.00157828 37.48016753, 127.0016049 37.48023415, 127.00203678 37.48041405, 127.00"
apartment_1165010101,삼환나띠르빌,3.25661087,159,126,4271.65,거짓,2003,21.92314317,,34,매주,매주,1,38312539.42,,358,"[0.266250758, 9.265412783, 11.23069376, 16.18897884, 16.97678931, 19.10837984, 16.20643791, 10.7570568]",7,2,6777.25,24.74,"MultiPolygon (((127.00576721 37.47976567, 127.00546204 37.4796732, 127.00481309 37.48101936, 127.00511827 37.48112553, 127.00576721 37.47976567)))"
apartment_1165010713,반포써밋,1.789443175,1192,764,5440.26,거짓,2018,19.52036201,,34,매주,매주,1,73909718.85,,608,"[0.675576087, 6.847915193, 10.39897978, 15.79481521, 25.5585759, 20.14593089, 13.67101961, 6.907187335]",7,9,9643.81,13.18,"MultiPolygon (((127.01695274 37.50126482, 127.01770131 37.50182413, 127.01661355 37.50280478, 127.01639365 37.50285706, 127.01618528 37.50267881, 127.01544222 37.50306538, 127.01571891 37.50335658, 127.0164361 37.50293389, 127.01664057 37.50289084, 127.0"
apartment_1165010824,서초아이파크,1.579863548,299,115,2459,거짓,2003,20.38529799,,34,매주,매주,1,27003988.9,,418,"[0.298695526, 4.203751842, 11.73063402, 17.79809551, 23.8072461, 21.83198514, 14.50052902, 5.829062834]",6,6,8024.2,28.84,"MultiPolygon (((127.02357068 37.4847878, 127.02352205 37.48477078, 127.02294342 37.48523961, 127.02275895 37.48539313, 127.02298614 37.48561458, 127.02265942 37.48583569, 127.02270147 37.48586152, 127.02275513 37.48589372, 127.02285493 37.48595357, 127.0"
apartment_1165010836,서초e-편한세상2차,0.61315608,254,159,45810,거짓,2005,21.05989816,,35,매주,매주,1,19266951.53,,485,"[4.211034085, 10.31307722, 13.97374806, 17.96522155, 23.62464799, 16.94461645, 9.412950813, 3.554703827]",13,7,6933.56,22.18,"MultiPolygon (((127.00914401 37.48691583, 127.00932146 37.48652839, 127.00940043 37.48645966, 127.00961048 37.48602749, 127.00974516 37.48575252, 127.00971316 37.48570752, 127.00953162 37.4856432, 127.00947508 37.48564338, 127.00934769 37.48568956, 127.0"
apartment_1165010803,롯데캐슬클래식,0.256498496,1436,990,6878.18,거짓,2006,18.30564837,,36,매주,매주,1,50232287.36,,563,"[2.558552764, 8.425281745, 15.68945692, 22.7810336, 24.41204302, 15.36693374, 8.707373842, 2.059324367]",6,2,9183.09,23.33,"MultiPolygon (((127.02167325 37.49939442, 127.0206715 37.4990862, 127.02020936 37.50034252, 127.02215423 37.50092931, 127.02270941 37.49976305, 127.02268735 37.49971388, 127.02210534 37.49953484, 127.02167325 37.49939442)))"
apartment_1165010838,현대ESA2,1.682403755,350,174,45810,거짓,2003,20.17280797,,36,매주,매주,1,29190888.96,,629,"[0.150851743, 3.316414482, 16.16682616, 19.50264857, 21.62642834, 19.46181748, 13.6861238, 6.088889421]",63,20,9448.74,50.21,"MultiPolygon (((127.00884602 37.49089666, 127.00851379 37.49079356, 127.00847131 37.49085177, 127.0084546 37.49088595, 127.00845744 37.49088684, 127.00842774 37.49094762, 127.00842247 37.49094599, 127.00839969 37.49099259, 127.0084143 37.49099712, 127.00"
apartment_1165010602,래미안신반포팰리스,0.189782098,1307,843,5879.84,거짓,2016,19.40071275,,37,매주,매주,1,68222957.68,,445,"[3.527581094, 8.893031762, 13.09978791, 19.43225435, 23.52120549, 17.26108781, 10.66957939, 3.595472205]",5,1,8429.13,17.84,"MultiPolygon (((127.01150748 37.51550902, 127.01175426 37.51536936, 127.01230196 37.51593015, 127.01344972 37.51519748, 127.01320243 37.51395022, 127.01273696 37.51374107, 127.01256231 37.51364545, 127.01214074 37.51393074, 127.01230029 37.51410272, 127."
apartment_1165010104,"임광1,2차",5.267119884,460,418,2817.99,거짓,1985,17.46106466,,38,매주,매주,1,40121624.11,,413,"[29.73706609, 30.87808194, 25.63749549, 13.74735648, 0, 0, 0, 0]",9,3,6519.67,23.69,"MultiPolygon (((127.00302083 37.47780691, 127.00315547 37.47760877, 127.00324977 37.47765031, 127.00349609 37.47775357, 127.00355514 37.47774381, 127.00391723 37.47724945, 127.00409325 37.4770095, 127.0040928 37.47699923, 127.00408375 37.47697283, 127.00"
apartment_1165011103,서초포레스타7단지,2.072211742,0,310,5745,거짓,2013,18.96507394,,38,매주,매주,1,43997594.72,,364,"[0.348710571, 3.060898013, 12.93953, 18.80282571, 21.65962501, 19.26574256, 14.95090613, 8.971762019]",3,1,4062.48,3.64,"MultiPolygon (((127.05574005 37.44861131, 127.05731587 37.44964254, 127.05761699 37.4493493, 127.05744124 37.44803766, 127.05741103 37.44793197, 127.05679602 37.44752865, 127.05574005 37.44861131)))"
apartment_1165010637,잠원한신그린,0.302976757,135,150,1115.61,거짓,1993,20.08507538,,38,매주,매주,1,15294337.51,,453,"[0.397365918, 6.381445608, 10.99188866, 15.68731039, 23.24399494, 20.70036813, 15.05106851, 7.54655785]",4,6,6871.38,18.65,"MultiPolygon (((127.00789636 37.51394223, 127.0084213 37.51336972, 127.00800467 37.51297955, 127.00777394 37.5128663, 127.00730504 37.51317084, 127.00766696 37.51349563, 127.00749877 37.51361338, 127.00760581 37.51370676, 127.00763129 37.51369458, 127.00"
apartment_1165010202,양재우성KBS(113동),8.235103607,96,150,13240.75,거짓,1996,16.49725865,,38,매주,매주,1,17196440.08,,429,"[0.329912508, 3.355080573, 11.63966781, 16.99737287, 23.14969879, 22.90510848, 15.85379082, 5.769368139]",4,8,6645.39,18.84,"MultiPolygon (((127.03176167 37.47454073, 127.03154091 37.47443473, 127.03147128 37.47438725, 127.03132994 37.47431204, 127.0311734 37.47447077, 127.03102904 37.47438745, 127.03069272 37.47411015, 127.03062 37.47414059, 127.03059816 37.47415796, 127.0305"
apartment_1165010709,래미안퍼스티지,0.708751678,4350,2444,16981.06,거짓,2009,16.66731644,,39,매주,매주,1,77700433.51,,546,"[0.174772534, 4.757803612, 10.96517351, 16.68548817, 23.82171278, 22.80907783, 15.14324677, 5.642724793]",4,3,16138.3,27.46,"MultiPolygon (((126.99506006 37.50298246, 126.99512356 37.50280041, 126.99515204 37.50280858, 126.99545252 37.50200077, 126.99543484 37.50197104, 126.99535848 37.50195594, 126.99493958 37.50179915, 126.99465395 37.50165249, 126.99453334 37.50193566, 126."
apartment_1165010616,신화,0.340530038,166,166,950,거짓,1997,20.74479806,,39,매주,매주,1,53937356.99,,487,"[0.41511171, 6.47928921, 10.7827097, 15.92521996, 23.3434457, 20.82114082, 15.48913178, 6.743951115]",9,1,5732.96,3.97,"MultiPolygon (((127.01370919 37.51607841, 127.01375075 37.51605535, 127.01375462 37.51606077, 127.01378634 37.5160422, 127.01378304 37.51603994, 127.01379653 37.51603224, 127.01380488 37.51604119, 127.01383088 37.51602398, 127.01383411 37.51602919, 127.0"
apartment_1165010843,서초삼성래미안,3.10418725,475,299,1599.53,거짓,2001,20.36693464,,40,매주,매주,1,42646642.45,,560,"[1.751542834, 7.054477222, 14.29795771, 20.85528686, 24.64729886, 17.93589731, 10.26441629, 3.193122904]",7,1,7235.5,21.29,"MultiPolygon (((127.02074976 37.49345816, 127.02036036 37.49317082, 127.02035666 37.49316782, 127.02029992 37.49321215, 127.02026344 37.49322982, 127.02023785 37.49323923, 127.02022457 37.49324139, 127.02019898 37.49324139, 127.02017259 37.49323667, 127."
apartment_1165010140,방배그랑자이,4.4193573,1501,758,2817.99,거짓,2021,16.55729586,,41,매주,매주,1,61849925.48,,397,"[0.228195405, 4.832141213, 10.36952069, 16.60054601, 21.41627274, 21.39508491, 16.93916169, 8.219077331]",5,3,8050.6,19.78,"MultiPolygon (((126.99946212 37.47536864, 126.99856991 37.47696191, 126.99846227 37.47698441, 126.9984376 37.47701324, 126.99851768 37.47710776, 126.99847968 37.47718773, 126.99988503 37.47776368, 127.0010493 37.47598312, 127.00115537 37.47582115, 127.00"
apartment_1165010301,대림,5.788648129,651,412,5492.24,거짓,1995,17.65848626,,42,매주,매주,1,27228236.56,,612,"[2.697816921, 4.086333789, 11.55334483, 11.65740951, 16.30823433, 21.55877033, 21.17094988, 10.96714041]",1,1,6659.92,25.76,"MultiPolygon (((127.0231342 37.47351325, 127.02337198 37.47347484, 127.02377632 37.47351026, 127.02394227 37.47351885, 127.02399951 37.47349788, 127.02406851 37.47344407, 127.02410096 37.47339518, 127.02412979 37.47332618, 127.02413054 37.47324847, 127.0"
apartment_1165010815,서초대우디오빌프라임,0.596975088,196,112,23833.35,거짓,2005,18.65190331,,43,매주,매주,1,21990335.63,,277,"[1.510731413, 7.659807128, 21.14830255, 22.94609057, 22.56194739, 14.24494218, 7.690335865, 2.237842903]",33,27,5288.83,16.6,"MultiPolygon (((127.03020164 37.49177222, 127.03030928 37.4915488, 127.03032322 37.49154476, 127.03033778 37.49151195, 127.03033335 37.49150185, 127.03020595 37.49146504, 127.03020342 37.49146806, 127.02989125 37.49137261, 127.02989378 37.49136907, 127.0"
apartment_1165010801,래미안서초스위트,0.429413766,502,392,2060.56,거짓,2009,18.16967076,,45,매주,매주,1,60428558.16,,380,"[0.396347447, 4.219429375, 11.89872281, 19.03632723, 25.27434794, 20.08023208, 13.50064337, 5.593949736]",24,21,7700.74,11.78,"MultiPolygon (((127.0207779 37.50187602, 127.01974195 37.50156132, 127.01944018 37.50238124, 127.02123373 37.50292276, 127.02157832 37.50220171, 127.02074178 37.50195199, 127.0207779 37.50187602)))"
apartment_1165010606,잠원대우아이빌,3.204153299,168,168,1399.68,거짓,2001,21.12929041,,45,매주,매주,1,15023897.06,,414,"[0.112643173, 2.436657564, 13.15628316, 20.45714354, 23.67788447, 20.52959267, 14.10074324, 5.529052177]",22,10,4370.99,12.16,"MultiPolygon (((127.01800775 37.51142026, 127.01832472 37.5116199, 127.01832189 37.51162687, 127.01836352 37.5116504, 127.01836281 37.51165285, 127.01840185 37.51167544, 127.01840626 37.51167493, 127.01845482 37.51170325, 127.0184654 37.51170095, 127.018"
apartment_1165010620,금호베스트빌,0.43034476,215,117,5879.84,거짓,2002,19.31363177,,46,매주,매주,1,45190998.88,,375,"[0.371293841, 5.901803707, 11.18435643, 16.37130154, 23.69550503, 20.64302612, 15.29400702, 6.538706316]",10,2,8645.82,23.37,"MultiPolygon (((127.01475898 37.51489998, 127.0146902 37.51452504, 127.01408203 37.51427333, 127.01358386 37.51435275, 127.01366294 37.51468662, 127.01375574 37.5149384, 127.01413023 37.51485352, 127.0141371 37.51487541, 127.01444287 37.51479875, 127.014"
apartment_1165010133,방배브라운스톤,2.726999601,194,145,27368.68,거짓,2005,20.49819099,,50,매주,매주,1,17171834.51,,438,"[1.000201001, 8.008299663, 16.9066396, 18.04095041, 22.24001352, 18.5186238, 11.65391772, 3.631354273]",13,20,7287.61,23.64,"MultiPolygon (((126.99513181 37.48737866, 126.99515279 37.48732673, 126.99518125 37.48733211, 126.99529512 37.48709385, 126.99524619 37.48707062, 126.99527623 37.4869749, 126.99530644 37.48691493, 126.99531245 37.4869076, 126.99543894 37.48692675, 126.99"
apartment_1165010202,양재우성KBS(113동),8.235103607,96,150,13240.75,거짓,1996,16.49725865,,50,매주,매주,1,17196440.08,,429,"[0.329912508, 3.355080573, 11.63966781, 16.99737287, 23.14969879, 22.90510848, 15.85379082, 5.769368139]",4,8,6645.39,18.84,"MultiPolygon (((127.03176167 37.47454073, 127.03154091 37.47443473, 127.03147128 37.47438725, 127.03132994 37.47431204, 127.0311734 37.47447077, 127.03102904 37.47438745, 127.03069272 37.47411015, 127.03062 37.47414059, 127.03059816 37.47415796, 127.0305"
apartment_1165010719,현대동궁,2.567076683,224,224,1629.25,거짓,1991,18.51562665,,50,매주,매주,1,14549665.47,,570,"[0.138982076, 3.251458235, 10.24563919, 17.58182301, 24.59920236, 22.25366278, 15.57168794, 6.357544414]",26,5,5805.99,10.71,"MultiPolygon (((127.00235005 37.50087172, 127.00249471 37.500765, 127.00291801 37.50081196, 127.00290729 37.50041495, 127.00264474 37.5003125, 127.0024197 37.50037654, 127.00221073 37.50030397, 127.0021518 37.50035946, 127.00191604 37.50025701, 127.00188"
apartment_1165010307,서초네이처힐3단지,1.151952028,1414,1251,5807.4,거짓,2013,19.25931549,,50,매주,매주,1,40443390.41,,409,"[0.609443016, 7.276069071, 7.959223102, 15.30047464, 26.34781504, 20.27348788, 15.76388804, 6.469599211]",8,3,5898.78,6.18,"MultiPolygon (((127.02712497 37.46268435, 127.02741985 37.46303146, 127.02750435 37.46323276, 127.02749028 37.46341211, 127.02744832 37.46364723, 127.02733588 37.46382633, 127.02713939 37.46403896, 127.0268867 37.4642071, 127.02683057 37.46433016, 127.02"
apartment_1165011102,서초포레스타5단지,4.646251678,695,547,7850.26,거짓,2014,17.9942254,,50,매주,매주,1,43209984.04,,435,"[0.187670745, 2.192659461, 9.05333175, 16.51740112, 23.37807341, 22.38191392, 18.35689116, 7.932058439]",2,1,5255.84,12.19,"MultiPolygon (((127.05634437 37.45188013, 127.05584606 37.45253106, 127.05598867 37.4526756, 127.05639029 37.45265992, 127.05655857 37.45246359, 127.0569408 37.45252022, 127.05720645 37.4525924, 127.05735531 37.45242191, 127.05802227 37.45208591, 127.058"
apartment_1165010714,반포리체,0.479663312,1679,1119,5650.98,거짓,2011,18.15729777,,50,매주,매주,1,74973449.85,,436,"[0.59567058, 6.688090196, 13.67699297, 18.44567432, 23.79584778, 18.20689016, 12.53658571, 6.054248287]",12,9,9015.78,6.13,"MultiPolygon (((127.01200667 37.50469256, 127.01207984 37.50469903, 127.01220176 37.50469254, 127.01238872 37.50467958, 127.01250253 37.50468604, 127.0126651 37.50467307, 127.01280328 37.50466658, 127.01289271 37.50465363, 127.01295773 37.50464714, 127.0"
apartment_1165010859,DK밸리뷰서초,1.21579957,57,105,4270.02,거짓,2022,19.62351772,,50,매주,매주,1,28820334.56,,583,"[1.779700871, 6.618971015, 15.26028871, 21.75955247, 24.71574498, 17.96180503, 9.599124864, 2.304812053]",25,9,5085.99,16.12,"MultiPolygon (((127.0139363 37.48784386, 127.01376483 37.48779229, 127.01367943 37.48797082, 127.01386876 37.48802835, 127.01392568 37.48790864, 127.01390777 37.48790328, 127.0139363 37.48784386)))"
apartment_1165010611,신반포12차,0.753964663,311,324,950,거짓,1982,20.05353655,,52,매주,매주,1,52434525.19,,717,"[2.59674255, 7.797398882, 14.54740316, 20.28178994, 24.0192189, 17.47553557, 10.37019347, 2.91171753]",14,4,6107.22,6.91,"MultiPolygon (((127.01556304 37.51682831, 127.01547208 37.51657997, 127.01539637 37.51659701, 127.01497814 37.51540028, 127.01454433 37.51549557, 127.01456583 37.51555818, 127.01440486 37.51559517, 127.01412223 37.51565005, 127.01404383 37.51566807, 127."
apartment_1165010835,서초한빛삼성,1.485824227,359,264,45810,거짓,1999,21.104119,,54,매주,매주,1,39918395.68,,670,"[0.322197251, 6.199807311, 11.36372735, 16.2761001, 22.46523124, 21.93699984, 14.72168161, 6.714255296]",7,5,8810.49,23.28,"MultiPolygon (((127.00794092 37.48893819, 127.00798414 37.48884, 127.00805748 37.48886032, 127.0082232 37.4889028, 127.00828104 37.48878986, 127.00837487 37.48858918, 127.0084782 37.48838267, 127.00849131 37.48835627, 127.00850194 37.48833311, 127.008520"
apartment_1165010102,방배래미안아트힐,6.276262283,1241,588,2751.31,거짓,2004,17.55180141,,54,매주,매주,1,22854045.65,,445,"[0.130600857, 6.08310015, 10.12793721, 16.57889462, 20.42843452, 21.13180087, 16.5316081, 8.987623674]",7,10,20088.24,65.76,"MultiPolygon (((127.00663767 37.4776469, 127.00455334 37.47663929, 127.00424713 37.47705654, 127.00418127 37.47702505, 127.00364277 37.47775698, 127.00365699 37.47780392, 127.00437542 37.47809967, 127.00525806 37.47847094, 127.00566644 37.4786525, 127.00"
apartment_1165010121,삼호3차,0.6845812,0,216,2226.47,거짓,1976,20.08167648,,54,매주,매주,1,29413889.48,,571,"[2.807011122, 8.454518599, 14.89933035, 19.69790082, 24.4481381, 16.60609766, 9.54550821, 3.541495138]",13,7,6569.35,21.03,"MultiPolygon (((126.98740417 37.49726823, 126.98683809 37.49704654, 126.98680537 37.49704915, 126.98643547 37.49763835, 126.98701791 37.49785743, 126.98740417 37.49726823)))"
apartment_1165010203,신영체르니,0.289979339,175,175,1365.42,거짓,2002,20.56079973,,54,매주,매주,1,28631762.91,,466,"[1.133113675, 5.187591549, 15.77391696, 19.88598889, 23.92144817, 18.81161756, 11.47955357, 3.806769616]",12,3,4585.27,1.9,"MultiPolygon (((127.0413877 37.47927316, 127.04161103 37.4791459, 127.0416469 37.47918627, 127.04183405 37.47908131, 127.04160376 37.47881609, 127.04157792 37.4788279, 127.04152941 37.47877229, 127.04140284 37.47884595, 127.04139819 37.4788401, 127.04136"
apartment_1165010314,서초LH4단지,0.462731063,0,424,56984,거짓,2013,18.33158705,,55,매주,매주,1,19266951.53,,566,"[0.493732403, 5.198845111, 8.71454033, 16.58668862, 24.10306071, 21.92027429, 16.68937822, 6.293480318]",1,1,5081.5,2.99,"MultiPolygon (((127.02419236 37.45928018, 127.02435566 37.45852282, 127.02453465 37.45816895, 127.02308999 37.45760744, 127.02286419 37.45767887, 127.02294623 37.4578968, 127.02306686 37.45840822, 127.02309808 37.45865962, 127.02306697 37.45877447, 127.0"
apartment_1165010701,반포푸르지오,0.231450468,249,237,2.35,거짓,2000,20.0377655,,55,매주,매주,1,57819477.84,,697,"[4.498166949, 10.42885304, 14.94268455, 19.61431745, 21.858005, 15.04674538, 9.815061285, 3.796166351]",6,5,6676.53,11.25,"MultiPolygon (((126.9978651 37.50415449, 126.9951587 37.50338864, 126.99502331 37.50360738, 126.99773088 37.50436819, 126.9978651 37.50415449)))"
apartment_1165010635,신반포7차,0.2280509,320,320,1115.61,거짓,1980,20.51357524,,55,매주,매주,1,48804303.99,,535,"[3.135440594, 8.829861413, 12.96578115, 19.54258431, 23.6916187, 17.07524434, 11.03328525, 3.726184247]",2,1,7896.92,30.27,"MultiPolygon (((127.00847904 37.51321671, 127.0085262 37.51317238, 127.00858773 37.51320581, 127.0089778 37.51280295, 127.00929681 37.51246625, 127.00948728 37.51211797, 127.00811211 37.51141833, 127.0079756 37.51135278, 127.00795326 37.51137907, 127.007"
apartment_1165010112,방배우성,3.218697548,468,468,4002.31,거짓,1989,19.85429164,,55,매주,매주,1,33902814.15,,477,"[0.186824196, 3.327897997, 18.46632682, 20.73318709, 17.82835273, 17.60743664, 14.94286633, 6.907108207]",18,16,6522.58,22.67,"MultiPolygon (((126.98311167 37.47299402, 126.98303868 37.4725666, 126.98282138 37.47301672, 126.98269477 37.47327643, 126.98268583 37.47329615, 126.98310914 37.47341633, 126.98311618 37.47339204, 126.98316605 37.47337028, 126.9831933 37.47324327, 126.98"
apartment_1165010847,서초대우아이빌,1.07724007,161,215,1599.53,거짓,2003,20.23526382,,55,매주,매주,1,17147306.47,,500,"[0.419630396, 3.784375976, 13.22698871, 19.08752703, 22.26277819, 20.13485865, 14.34278117, 6.741059879]",24,13,5147.01,4.74,"MultiPolygon (((127.01764899 37.49440829, 127.01766594 37.49431741, 127.01770522 37.49409865, 127.01767338 37.49409442, 127.01762323 37.4940684, 127.0176187 37.49406737, 127.01756079 37.49404908, 127.01756139 37.49404686, 127.01744195 37.49400975, 127.01"
apartment_1165010808,우성5차,0.42359516,408,408,2376.44,거짓,1998,17.98301888,,56,매주,매주,1,36168003.47,,167,"[1.66486485, 9.286214759, 20.02415243, 21.76999093, 21.66883206, 14.76026644, 8.380506998, 2.445171526]",28,14,7694.36,20.17,"MultiPolygon (((127.02734524 37.49418723, 127.02671056 37.49399473, 127.02638891 37.49466904, 127.02628147 37.49488092, 127.02610738 37.49524597, 127.02598782 37.49548408, 127.02663206 37.49567902, 127.02668934 37.49555736, 127.02701992 37.49484185, 127."
apartment_1165010856,지웰홈스서초,0.476802786,80,154,1599.53,거짓,2019,20.15755964,,56,매주,매주,1,35883895.96,,363,"[0.683763471, 10.63229731, 23.13187895, 19.32993159, 19.7198835, 13.82563601, 9.487300946, 3.189308221]",51,11,4500.39,11.42,"MultiPolygon (((127.01347431 37.49205097, 127.01346873 37.49205037, 127.01347636 37.49200768, 127.01343323 37.492003, 127.01343725 37.49198051, 127.01344283 37.491981, 127.01345099 37.49193548, 127.01342207 37.49193218, 127.01342621 37.49190768, 127.0134"
apartment_1165010811,신동아1차,1.10923779,893,893,3062.45,거짓,1978,19.03037643,,57,매주,매주,1,42856354.45,,746,"[3.924347209, 7.952122321, 14.09005489, 22.35064549, 23.8994187, 15.42538486, 9.235012161, 3.123014368]",5,3,6397.12,19.93,"MultiPolygon (((127.02478165 37.49157561, 127.02353878 37.49120208, 127.02291783 37.4927264, 127.02406323 37.49305141, 127.02478165 37.49157561)))"
apartment_1165010854,유원서초,2.269715945,413,590,2214.44,거짓,1993,18.65161324,,57,매주,매주,1,50249061.96,,613,"[0.425309183, 4.071359453, 12.04279857, 18.20905584, 23.51532438, 21.04252353, 14.396213, 6.297416048]",12,10,6855.38,19.84,"MultiPolygon (((127.01915553 37.49611765, 127.01927108 37.4958751, 127.01820776 37.49557743, 127.01804585 37.49591362, 127.01789516 37.49588963, 127.01770304 37.49584763, 127.0175448 37.49577863, 127.01744686 37.49577263, 127.01736624 37.4958469, 127.016"
apartment_1165010126,방배e-편한세상3차,4.939710617,634,192,3853.79,거짓,2006,20.33346122,,60,매주,매주,1,20111548.02,,517,"[2.317436313, 6.189050775, 12.37003713, 20.37418901, 24.9036172, 18.81133944, 11.47341257, 3.560917575]",6,6,28626.56,51.22,"MultiPolygon (((126.99145979 37.49492663, 126.99156573 37.49489189, 126.99180561 37.49496887, 126.99182745 37.49476283, 126.9918181 37.49473056, 126.99184927 37.49472063, 126.99188354 37.49467595, 126.99203309 37.49466603, 126.99219198 37.49468342, 126.9"
apartment_1165010648,반포센트럴자이,0.177387998,1196,757,5104.34,거짓,2020,17.83538993,,61,매주,매주,1,84390600.57,,432,"[1.497325663, 8.445908474, 17.65809612, 20.72186579, 23.30759496, 16.92612356, 9.131072507, 2.312012933]",47,9,8597.06,19.83,"MultiPolygon (((127.00163569 37.50871441, 127.00275708 37.5062893, 127.00240517 37.50616773, 127.00243569 37.50610908, 127.00167084 37.50586593, 127.00163269 37.50588592, 127.00062573 37.50800878, 127.00116737 37.5081828, 127.00163569 37.50871441)))"
apartment_1165010638,신반포4차,0.177090704,1212,1212,599.03,거짓,1979,19.40492292,,61,매주,매주,1,55879057.33,,417,"[2.462185603, 8.154108229, 13.2526325, 18.88993169, 25.68832069, 18.29908917, 10.30044079, 2.953291315]",10,5,6477.26,19.06,"MultiPolygon (((127.00511014 37.506878, 127.00424574 37.5066099, 127.00391699 37.50732564, 127.004073 37.50739014, 127.00406224 37.5076179, 127.00411302 37.50825144, 127.00423448 37.50862328, 127.00430654 37.50872083, 127.00431692 37.50874771, 127.005158"
apartment_1165010114,방배동부센트레빌,0.608416239,267,122,2226.47,거짓,2004,19.83110088,,61,매주,매주,1,24524729.52,,373,"[0.285561016, 5.881229375, 10.5683766, 16.65971278, 23.23989835, 21.28513295, 14.77742135, 7.302667584]",15,4,8993.25,20.28,"MultiPolygon (((126.9884208 37.49708193, 126.98800087 37.49692085, 126.98790778 37.49705503, 126.9880024 37.49709685, 126.98754864 37.49768028, 126.98758895 37.49770327, 126.98747121 37.49787323, 126.98762095 37.49808728, 126.98843348 37.49807392, 126.98"
apartment_1165010136,방배브라운가,6.260341644,217,161,1317.86,거짓,2006,21.24002511,,61,매주,매주,1,37088349.39,,477,"[0.008918897, 4.451686002, 12.95007399, 17.61383156, 21.39841706, 19.11963875, 16.31497582, 8.142457916]",1,1,6687.02,22.75,"MultiPolygon (((126.99170127 37.48411745, 126.99178831 37.48398379, 126.99197208 37.48405585, 126.9925357 37.48317203, 126.9925088 37.48311373, 126.99199928 37.48291656, 126.99130608 37.48395458, 126.99170127 37.48411745)))"
apartment_1165010129,방배마에스트로,0.868974566,78,118,1317.86,거짓,2019,20.40649588,,61,매주,매주,1,50421425.38,,509,"[1.35051881, 8.414070849, 18.36376201, 18.4324954, 20.14322249, 17.38310863, 11.75834012, 4.154481692]",34,13,4913.48,14.16,"MultiPolygon (((126.98382916 37.48605578, 126.98389547 37.48606284, 126.9839177 37.48594202, 126.98403646 37.48595565, 126.98405962 37.48582982, 126.98393081 37.48581463, 126.98393125 37.48581197, 126.98377154 37.48579352, 126.98377096 37.48579592, 126.9"
apartment_1165010310,서초네이처힐6단지,0.671350062,428,382,4486.34,거짓,2013,20.20841361,,62,매주,매주,1,40924506.14,,500,"[0.934633081, 9.403136376, 9.673490369, 16.46880378, 25.53667757, 18.55212481, 13.57231062, 5.85882339]",4,2,6526.94,15.69,"MultiPolygon (((127.02555095 37.46147734, 127.02577615 37.46154149, 127.02597734 37.46163127, 127.02629808 37.46194471, 127.02648167 37.46210089, 127.02660303 37.46223229, 127.02751408 37.46153053, 127.02707483 37.46097065, 127.02650023 37.46092556, 127."
apartment_1165010305,서초네이처힐1단지,3.199011803,212,178,5807.4,거짓,2012,19.05893962,,62,매주,매주,1,37663979.15,,424,"[0.026094113, 2.024300979, 8.211282024, 20.58524411, 30.95430854, 22.40714845, 12.92528386, 2.866337925]",2,1,5582.13,10.76,"MultiPolygon (((127.01894831 37.46423472, 127.01950572 37.4642445, 127.01959136 37.46418085, 127.01962809 37.46413213, 127.01970772 37.46404906, 127.02004465 37.46386346, 127.02029578 37.46376572, 127.02057745 37.46361926, 127.02074891 37.46348746, 127.0"
apartment_1165010717,반포미도1차,3.058573723,1348,1260,701.74,거짓,1987,19.10012207,,62,매주,매주,1,60803829.25,,396,"[4.886378501, 8.20376464, 11.4222644, 21.85465043, 25.17160175, 15.55520045, 10.15283, 2.753309831]",8,3,6654.99,15.35,"MultiPolygon (((127.00886215 37.5037395, 127.00917861 37.50319082, 127.00920875 37.50319979, 127.00926004 37.50322812, 127.00929464 37.50322559, 127.0093738 37.50316288, 127.0094567 37.50312728, 127.00947874 37.50307079, 127.00948089 37.5030224, 127.0094"
apartment_1165010855,래미안서초에스티지S,0.232698997,854,593,108556.49,거짓,2018,18.61459089,,62,매주,매주,1,67629427.07,,577,"[0.489336751, 5.532478105, 14.66037265, 20.53643519, 23.54973109, 17.45135183, 11.92422835, 5.856066029]",9,13,8725.39,25.81,"MultiPolygon (((127.02603861 37.49361732, 127.02740944 37.49403568, 127.02809754 37.49261834, 127.02723915 37.49232989, 127.0269978 37.4927772, 127.02648537 37.49259269, 127.02600269 37.49355492, 127.02603861 37.49361732)))"
apartment_1165010304,코오롱,2.968481382,306,300,4184.7,거짓,1994,19.69187884,,63,매주,매주,1,44004192.87,,584,"[1.198184656, 4.928058334, 13.20713129, 20.92378736, 24.81048014, 20.32180436, 12.25266665, 2.357887206]",2,1,4828.1,2.29,"MultiPolygon (((127.02788315 37.47222192, 127.02728834 37.47183599, 127.0271805 37.47192325, 127.02707092 37.47186929, 127.02674135 37.47219155, 127.02670485 37.47222686, 127.02667094 37.47224971, 127.02663442 37.47226217, 127.02659269 37.47227672, 127.0"
apartment_1165010902,서초포레스타2단지,1.613791108,1185,1077,8252,거짓,2015,18.23175746,,64,매주,매주,1,39721243.41,,604,"[0.745462875, 3.74370923, 9.296987722, 21.09811313, 24.59036757, 18.59895425, 15.58773283, 6.338672389]",3,4,3754.31,6.2,"MultiPolygon (((127.06245486 37.45526385, 127.06293591 37.45447059, 127.06247021 37.45437627, 127.06222208 37.45440883, 127.06205537 37.45451269, 127.06188046 37.45454846, 127.06167706 37.45456153, 127.0612817 37.4545049, 127.06103834 37.45453591, 127.06"
apartment_1165010711,아크로리버파크,0.546892941,2966,1612,13581,거짓,2016,17.87971407,,64,매주,매주,1,96632523.42,,670,"[5.541682465, 9.221535398, 12.60480152, 20.74165299, 22.03768774, 15.63596552, 10.27453565, 3.94213871]",15,4,10251.01,-1.55,"MultiPolygon (((126.99203215 37.50534439, 126.99187076 37.50527347, 126.99187042 37.5052841, 126.99183659 37.50544826, 126.99185195 37.50560359, 126.99194026 37.50567587, 126.99193472 37.50573912, 126.99200868 37.50578949, 126.99204666 37.50587652, 126.9"
apartment_1165010631,신반포25차,0.194625929,0,169,34549.53,거짓,1984,19.5351423,,64,매주,매주,1,52624138.86,,468,"[2.982190286, 7.857561174, 12.82069033, 19.74166252, 24.00243095, 17.57943316, 11.12426618, 3.891765393]",8,2,7285.72,25.12,"MultiPolygon (((127.01010897 37.51496286, 127.00926856 37.51413672, 127.00864248 37.51454435, 127.00919673 37.51508474, 127.00882402 37.51532437, 127.00911825 37.5156063, 127.01010897 37.51496286)))"
apartment_1165010839,서초아트자이,1.398766994,495,164,4270.02,거짓,2009,19.53150984,,64,매주,매주,1,34532101.61,,448,"[0.339757218, 6.805179965, 11.71240164, 16.38902928, 22.80295898, 21.49966234, 14.0597302, 6.391280372]",31,12,11739.82,26.65,"MultiPolygon (((127.01189074 37.48624217, 127.01224541 37.48550268, 127.01221531 37.48543675, 127.01148265 37.48509611, 127.0114513 37.48516271, 127.01125211 37.48561596, 127.0109926 37.48553506, 127.01078238 37.48594174, 127.01125703 37.48608486, 127.01"
apartment_1165010118,삼호4차,3.09739542,0,481,2554,거짓,1983,19.46031698,,64,매주,매주,1,29413889.48,,498,"[1.873393963, 5.875833167, 12.84040908, 19.91116927, 26.11637594, 18.74213099, 11.49935228, 3.141335313]",16,1,8610.05,27.82,"MultiPolygon (((126.98844408 37.49806051, 126.98946916 37.49802302, 126.99047094 37.49800949, 126.99064776 37.49801983, 126.99064571 37.4979491, 126.99064714 37.49786278, 126.99069776 37.49776078, 126.99080672 37.49758582, 126.99087816 37.49747434, 126.9"
apartment_1165010115,방배아이파크,0.277129382,236,138,2950.95,거짓,2006,21.55831401,,64,매주,매주,1,39725680.59,,439,"[0.353971285, 7.379864052, 11.17841791, 15.45872882, 22.29920618, 21.16465455, 14.57447026, 7.590686923]",2,4,6826.7,19.12,"MultiPolygon (((126.9853351 37.4912005, 126.98485984 37.49111236, 126.98472719 37.49117839, 126.98441217 37.49119596, 126.98440111 37.49121798, 126.98440103 37.49159669, 126.98445066 37.49200183, 126.98448382 37.49203707, 126.98505856 37.49217806, 126.98"
apartment_1165010845,서초현대,1.615707715,350,299,1599.53,거짓,1999,21.52558419,,66,매주,매주,1,41983278.68,,813,"[0.190686918, 4.06457782, 9.70613089, 17.61257755, 25.04147301, 22.0621984, 14.93350975, 6.388845649]",1,2,6907.58,11.66,"MultiPolygon (((127.02052138 37.49057953, 127.02058593 37.49040687, 127.01998309 37.49022262, 127.01988754 37.49042114, 127.01968114 37.49035524, 127.0196112 37.49049745, 127.0198468 37.49057458, 127.01958032 37.49110357, 127.02046288 37.49142077, 127.02"
apartment_1165010603,아크로리버뷰신반포,0.236693303,887,595,4708.2,거짓,2018,18.70725026,,67,매주,매주,1,97233183.19,,606,"[2.733933474, 8.074464363, 14.17042832, 20.8778053, 23.49595051, 17.02607907, 10.25765387, 3.363685093]",14,7,13262.86,9.62,"MultiPolygon (((127.00566201 37.51354719, 127.00579053 37.51370927, 127.00644921 37.51439598, 127.00834495 37.51605513, 127.00875725 37.51577785, 127.00615462 37.51321874, 127.00566201 37.51354719)))"
apartment_1165010612,잠원훼미리,0.262171358,576,288,4184.41,거짓,1992,19.10647403,,67,매주,매주,1,50914795.74,,550,"[2.244559572, 6.782772415, 13.81568197, 20.27905355, 25.65069213, 18.71622529, 9.970908518, 2.540106562]",8,6,8009.85,16.45,"MultiPolygon (((127.01485659 37.51849478, 127.01481186 37.51847246, 127.01424056 37.51860814, 127.01420845 37.51861689, 127.01435364 37.51926286, 127.0143086 37.51939524, 127.01420441 37.51959944, 127.01458472 37.51978562, 127.01526357 37.51962624, 127.0"
apartment_1165010725,디에이치라클라스,2.924267054,1526,848,23767.72,거짓,2021,17.699646,,67,매주,매주,1,28363280.23,,469,"[1.208785052, 10.23931369, 9.711051359, 15.3304602, 25.60593977, 18.15066534, 12.21743758, 7.536347]",8,6,9389.84,15.4,"MultiPolygon (((127.01585172 37.50149134, 127.01341063 37.4996403, 127.01251341 37.49951046, 127.01235109 37.50022467, 127.01397104 37.50113995, 127.01499019 37.50191811, 127.01585172 37.50149134)))"
apartment_1165010823,한라비발디스튜디오193오피스텔,1.59186395,66,149,1735,거짓,2013,19.40008875,,68,매주,매주,1,25746308.08,,576,"[0.218967343, 3.918385466, 12.18548477, 19.09798982, 22.78082178, 19.8952798, 14.72362919, 7.179441839]",21,18,6296.02,11.88,"MultiPolygon (((127.03217036 37.48594506, 127.0322778 37.48584525, 127.03224701 37.48582363, 127.03226526 37.48580991, 127.0321495 37.48573511, 127.03231908 37.48556608, 127.03234542 37.48550305, 127.03227662 37.48544096, 127.03210586 37.48552504, 127.03"
apartment_1165010841,서초롯데캐슬리버티,2.787291765,230,132,2459,거짓,2005,21.19420878,,69,매주,매주,1,25631069.82,,397,"[1.381407111, 7.920151673, 15.89884723, 20.15269546, 23.66490754, 17.99824429, 10.3691875, 2.614559197]",8,5,7616.23,19.23,"MultiPolygon (((127.01696921 37.48799543, 127.01703646 37.48785667, 127.01717102 37.48789607, 127.01753149 37.48714017, 127.01750872 37.48710312, 127.01740186 37.4870787, 127.01735239 37.48706057, 127.01733162 37.48704875, 127.01682404 37.48688483, 127.0"
apartment_1165010712,삼호가든맨션5차,0.646201849,351,168,27012,거짓,1986,18.79203707,,70,매주,매주,1,47981021.22,,492,"[3.819611396, 8.731435833, 13.96345186, 20.75397105, 24.69190019, 15.87651646, 9.666081845, 2.497031372]",46,22,9147.14,27.27,"MultiPolygon (((127.01227853 37.50341249, 127.01142441 37.50312101, 127.01135813 37.50324476, 127.01131958 37.50331169, 127.01074736 37.50438264, 127.01092246 37.50464148, 127.01133278 37.50468362, 127.01149157 37.5046918, 127.01159173 37.50469853, 127.0"
apartment_1165010724,반포센트레빌아스테리움,0.249462744,175,108,5650.98,거짓,2021,20.17720947,,70,매주,매주,1,67548479.15,,174,"[0.55929642, 6.219190181, 13.82953854, 18.80894009, 23.6099284, 18.24082585, 12.58533205, 6.146948472]",10,8,9643.81,13.18,"MultiPolygon (((127.01572044 37.50339392, 127.01599555 37.50368386, 127.0161914 37.50357589, 127.01679539 37.5032109, 127.01672324 37.50313938, 127.01663369 37.50305471, 127.01657575 37.50299293, 127.0165164 37.50293572, 127.01572044 37.50339392)))"
apartment_1165010818,풍림아이원플러스,0.569390178,100,200,1735,거짓,2004,18.14013163,,70,매주,매주,1,20473573.3,,302,"[0.197727546, 3.434983918, 14.07495696, 21.85228135, 23.83340492, 18.777792, 12.66192141, 5.16693189]",28,46,7476.47,14.25,"MultiPolygon (((127.02993446 37.4905586, 127.03005161 37.49030735, 127.02999878 37.49028984, 127.03003651 37.49021541, 127.02990277 37.4901665, 127.02989397 37.49018682, 127.02981473 37.49016021, 127.02982247 37.49014202, 127.02967931 37.49009938, 127.02"
apartment_1165010846,서초리시온,0.596030792,234,293,1599.53,거짓,2003,20.84587577,,70,매주,매주,1,20435575.23,,315,"[0.802715767, 11.46226603, 23.94279633, 19.08033093, 18.76583213, 13.36560307, 9.295868848, 3.284586893]",50,17,5102.65,2.96,"MultiPolygon (((127.01576737 37.49363605, 127.01578136 37.49356059, 127.01579309 37.49356118, 127.01579989 37.49352386, 127.01581825 37.49352567, 127.01584355 37.49338805, 127.01556027 37.49335615, 127.0155613 37.49334823, 127.01547312 37.49333896, 127.0"
apartment_1165010309,서초네이처힐7단지,1.288862228,308,275,5807.4,거짓,2011,19.26254272,,71,매주,매주,1,40528882.53,,635,"[0.611685298, 7.13183573, 9.228492334, 16.2516268, 25.13169745, 20.48047359, 15.06816585, 6.096022952]",4,3,4387.57,2.84,"MultiPolygon (((127.02230037 37.46183075, 127.02311312 37.46242076, 127.02326604 37.46231797, 127.02333843 37.46224109, 127.02359588 37.46206788, 127.02370042 37.46204223, 127.0240942 37.46175903, 127.02417798 37.46170494, 127.02392651 37.4614537, 127.02"
apartment_1165010201,양재우성,2.829365492,746,794,1501.77,거짓,1991,18.18263245,,71,매주,매주,1,17196440.08,,526,"[0.284936012, 3.469166112, 11.4971726, 18.18895866, 23.66064456, 21.64676174, 15.32791861, 5.924441706]",5,8,5388.38,9.95,"MultiPolygon (((127.03176167 37.47454073, 127.03154091 37.47443473, 127.03147128 37.47438725, 127.03132994 37.47431204, 127.0311734 37.47447077, 127.03102904 37.47438745, 127.03069272 37.47411015, 127.03062 37.47414059, 127.03059816 37.47415796, 127.0305"
apartment_1165010641,킴스빌리지,0.227246225,138,160,599.03,거짓,1996,19.60828509,,72,매주,매주,1,56028750.55,,404,"[0.329054587, 6.277143115, 10.4933178, 15.46361208, 24.64382265, 21.38945253, 14.79182848, 6.611768766]",10,4,6520.3,15.34,"MultiPolygon (((127.00644947 37.51068204, 127.00632132 37.51063628, 127.00625709 37.51075359, 127.00649031 37.51082665, 127.00648285 37.51083881, 127.0067085 37.51092395, 127.00675566 37.51083862, 127.00672738 37.51082997, 127.00673473 37.51081727, 127.0"
apartment_1165010101,삼환나띠르빌,3.25661087,159,126,4271.65,거짓,2003,21.92314317,,73,매주,매주,1,38312539.42,,358,"[0.266250758, 9.265412783, 11.23069376, 16.18897884, 16.97678931, 19.10837984, 16.20643791, 10.7570568]",7,2,6777.25,24.74,"MultiPolygon (((127.00576721 37.47976567, 127.00546204 37.4796732, 127.00481309 37.48101936, 127.00511827 37.48112553, 127.00576721 37.47976567)))"
apartment_1165010642,잠원중앙하이츠(B동),0.267797798,126,126,599.03,거짓,1998,20.20429786,,75,매주,매주,1,26780951.97,,517,"[0.300802094, 6.447799505, 11.75126362, 16.33122025, 24.71492196, 19.98389374, 14.12220906, 6.347889759]",3,1,7087.47,14.14,"MultiPolygon (((127.00497103 37.51008378, 127.00470794 37.51000281, 127.00457115 37.51026808, 127.00484124 37.51034904, 127.00497103 37.51008378)))"
apartment_1165010113,방배래미안,7.993486404,382,303,4002.31,거짓,2003,20.08256261,,76,매주,매주,1,22854045.65,,429,"[1.27700455, 6.624436705, 17.75033288, 19.92813244, 20.66394001, 18.17516254, 11.87415153, 3.706839345]",5,3,6018.3,15.57,"MultiPolygon (((126.98487686 37.47284532, 126.98489144 37.47283766, 126.98490589 37.47285172, 126.98494098 37.47219848, 126.98422024 37.47221387, 126.98421932 37.47220332, 126.98412097 37.47219822, 126.98407822 37.47215132, 126.98379824 37.47210561, 126."
apartment_1165010625,잠원현대훼밀리,2.278662682,113,113,25737,거짓,1997,19.16638009,,76,매주,매주,1,50914795.74,,634,"[1.634190638, 9.289834892, 17.29363726, 20.14488176, 22.75297364, 16.65734044, 9.698012412, 2.529128963]",11,6,6027.32,11.53,"MultiPolygon (((127.01291017 37.50870346, 127.01238151 37.50854781, 127.0122923 37.50873361, 127.012198 37.50892318, 127.01247138 37.50900245, 127.01283706 37.50911161, 127.01301627 37.50873462, 127.01291017 37.50870346)))"
apartment_1165010101,삼환나띠르빌,3.25661087,159,126,4271.65,거짓,2003,21.92314317,,76,매주,매주,1,38312539.42,,358,"[0.266250758, 9.265412783, 11.23069376, 16.18897884, 16.97678931, 19.10837984, 16.20643791, 10.7570568]",7,2,6777.25,24.74,"MultiPolygon (((127.00576721 37.47976567, 127.00546204 37.4796732, 127.00481309 37.48101936, 127.00511827 37.48112553, 127.00576721 37.47976567)))"
apartment_1165010810,래미안서초에스티지,0.317878207,619,421,3062.45,거짓,2016,19.65960334,,76,매주,매주,1,66333484.16,,611,"[0.676383163, 6.591299251, 11.06933778, 18.04299382, 25.14871447, 18.89145568, 13.13641445, 6.443401397]",1,3,7005.44,11.63,"MultiPolygon (((127.02426975 37.49303181, 127.02567547 37.49345105, 127.02579835 37.49327545, 127.02588643 37.49311095, 127.02598375 37.49281523, 127.02611356 37.49255832, 127.02468929 37.49213353, 127.02426975 37.49303181)))"
apartment_1165010312,서초힐스,1.042000294,1266,1082,9109.61,거짓,2012,18.45490374,,77,매주,매주,1,40227692.78,,583,"[0.581667812, 6.59085924, 9.684103346, 15.80932077, 21.98965762, 21.9989656, 16.09005754, 7.255368074]",2,1,5552.89,9.96,"MultiPolygon (((127.01643333 37.45737123, 127.01679803 37.45752018, 127.0171727 37.457787, 127.0176364 37.45815964, 127.0182845 37.4586816, 127.01858784 37.45879695, 127.01872916 37.45880518, 127.01883255 37.45876395, 127.0191944 37.45851111, 127.0198664"
apartment_1165011105,힐스테이트서초젠트리스,1.796386242,387,256,5484.95,거짓,2014,18.73235914,,78,매주,매주,1,40289098.7,,677,"[2.069564652, 4.272393073, 11.87879022, 21.37931616, 21.65512156, 20.31573633, 14.30404623, 4.12503178]",3,4,6707.27,25.33,"MultiPolygon (((127.0560957 37.45595286, 127.05624934 37.45605021, 127.05644952 37.45612661, 127.05658932 37.45612873, 127.05683059 37.45617014, 127.05687725 37.45624879, 127.05688828 37.45633183, 127.05694041 37.45639299, 127.05701722 37.45646507, 127.0"
apartment_1165010608,한강,0.539930165,450,450,3851,거짓,1989,19.09867292,,79,매주,매주,1,58310562.65,,407,"[0.254975371, 3.46117919, 9.998734401, 18.18743999, 23.75411147, 21.89703116, 15.96181268, 6.48471574]",40,14,6135.2,16.33,"MultiPolygon (((127.0160521 37.52142723, 127.01593361 37.5211178, 127.01583455 37.52106313, 127.01582626 37.52106328, 127.01553752 37.52112746, 127.01540914 37.5210586, 127.01526981 37.52097973, 127.01497883 37.52081536, 127.01486332 37.52075011, 127.014"
apartment_1165010812,신동아2차,0.415409962,104,104,8456.2,거짓,1979,18.58376498,,79,매주,매주,1,42856354.45,,298,"[3.926329052, 7.956833642, 13.69002374, 21.43734121, 23.35014552, 15.80129591, 10.03889809, 3.799132848]",1,1,6939.07,21.35,"MultiPolygon (((127.02451176 37.49127906, 127.02467604 37.49092015, 127.02505413 37.49103484, 127.02532957 37.49048696, 127.02691362 37.49096234, 127.02696232 37.49083612, 127.0267308 37.4907585, 127.02686472 37.49046722, 127.02658447 37.49037991, 127.02"
apartment_1165010110,방배현대홈타운2차,0.690236807,484,384,2950.95,거짓,2001,20.99660296,,79,매주,매주,1,29778378.38,,532,"[1.887491436, 8.813762888, 15.56778679, 18.7116746, 22.27791358, 18.58797608, 11.02997522, 3.123419408]",15,10,7797.27,24.41,"MultiPolygon (((126.98385504 37.49073865, 126.98385759 37.49065488, 126.98399611 37.49065649, 126.98399673 37.49068558, 126.98425702 37.49067437, 126.98444259 37.49067722, 126.98449683 37.49067722, 126.98460351 37.49068093, 126.98464146 37.49040364, 126."
apartment_1165010857,래미안리더스원,0.313110322,2515,1317,9439.63,거짓,2020,18.10738723,,79,매주,매주,1,70429472.8,,665,"[2.319806315, 8.190674077, 19.61739537, 22.42225567, 22.30266825, 13.86976217, 8.360624436, 2.916813715]",10,5,7476.47,14.25,"MultiPolygon (((127.02738092 37.49214677, 127.02821812 37.49240052, 127.02826705 37.49238302, 127.0285812 37.49172473, 127.029796 37.48917911, 127.02977453 37.48913903, 127.02894766 37.48888499, 127.02879674 37.4888695, 127.02869106 37.48883708, 127.0284"
apartment_1165011101,서초포레스타3단지,3.353145123,603,482,5484.95,거짓,2014,17.24065172,,80,매주,매주,1,41563469.59,,411,"[0.486071069, 3.706674912, 8.297191373, 19.80913702, 22.85063273, 19.51359467, 17.54256952, 7.794128707]",3,1,6236.36,11.35,"MultiPolygon (((127.06020926 37.45470468, 127.06025984 37.45458224, 127.06006311 37.45435464, 127.05932098 37.45377108, 127.05893795 37.45410606, 127.05884854 37.45443481, 127.05852229 37.45469862, 127.0581545 37.45471657, 127.05774579 37.45466642, 127.0"
apartment_1165010721,한신서래,3.323441029,534,414,1629.25,거짓,1987,20.1788561,,80,매주,매주,1,41676377.32,,453,"[0.106882933, 4.360870533, 8.996448955, 17.20170638, 24.86680652, 21.95975483, 16.17225497, 6.335274884]",8,1,6365.86,17.56,"MultiPolygon (((126.99995781 37.50010243, 126.99997384 37.50001447, 127.00005122 37.50002875, 127.00012764 37.50006634, 127.00016917 37.50006634, 127.00031825 37.50002876, 127.00079853 37.49975813, 127.00078721 37.49967919, 127.00084289 37.49962506, 127."
apartment_1165010825,서초자이,2.017301321,385,184,2459,거짓,2006,20.20214679,,80,매주,매주,1,38210674.94,,493,"[0.244546217, 3.840057087, 10.8556386, 17.68448751, 23.67998126, 21.2976832, 15.75264561, 6.644960515]",10,6,6962.71,23.69,"MultiPolygon (((127.0205322 37.4844973, 127.01997218 37.48428503, 127.01984601 37.4845017, 127.01942382 37.4852136, 127.02010838 37.48535663, 127.02057445 37.48539524, 127.02096285 37.48543387, 127.02099197 37.48541065, 127.02088013 37.48472978, 127.0208"
apartment_1165010826,서초쌍용플래티넘,1.528981686,380,109,2459,거짓,2006,18.44345262,,80,매주,매주,1,27232631.72,,779,"[0.142999898, 3.533427091, 14.16384554, 17.73169991, 21.1910349, 19.4837973, 15.26482659, 8.488368763]",25,12,5824.08,3.54,"MultiPolygon (((127.01736949 37.48432416, 127.01764221 37.48389705, 127.01734314 37.48378249, 127.01732876 37.48380542, 127.01730512 37.48379642, 127.01706576 37.48417544, 127.01712536 37.48419916, 127.01710893 37.48422454, 127.01717633 37.48425183, 127."
apartment_1165010821,동원베네스트,2.117540359,164,126,8456.2,거짓,2002,19.30160862,,80,매주,매주,1,17313817.06,,341,"[0.437209304, 4.323521305, 10.68599464, 17.75953785, 23.66875984, 21.50255368, 14.63000282, 6.99242056]",10,8,6355.1,20.79,"MultiPolygon (((127.0262124 37.48546383, 127.02626208 37.48544787, 127.02626368 37.48545106, 127.02630375 37.48543892, 127.02629733 37.48542742, 127.02630694 37.48542423, 127.02631818 37.48544658, 127.02634782 37.48543827, 127.02635343 37.48545232, 127.0"
apartment_1165010707,반포힐스테이트,0.410066009,699,397,3495.71,거짓,2012,19.99286219,,81,매주,매주,1,69374382.04,,733,"[3.04376993, 8.36525421, 13.15320384, 19.74941733, 24.76393399, 17.22427453, 10.34968131, 3.35046486]",6,7,10386.37,7.42,"MultiPolygon (((126.99684623 37.50219509, 126.99692378 37.50203112, 126.99702526 37.50205884, 126.99716661 37.50173294, 126.99766105 37.50056106, 126.99675581 37.50020729, 126.99666412 37.50035302, 126.99589175 37.50188968, 126.99591263 37.50193127, 126."
apartment_1165010819,서초트라팰리스,0.792513311,427,257,8456.2,거짓,2005,20.04919957,,81,매주,매주,1,35974197.96,,695,"[2.175414353, 6.760630841, 13.79340308, 21.26790143, 24.87711241, 17.07675915, 10.27713084, 3.77164789]",6,3,8125.74,15.81,"MultiPolygon (((127.02917274 37.48629771, 127.02913503 37.48626593, 127.02754207 37.48675791, 127.02752279 37.48678848, 127.02763554 37.48702598, 127.02867562 37.48734243, 127.02893175 37.48680763, 127.02897389 37.48670935, 127.02901905 37.48661516, 127."
apartment_1165010809,삼성쉐르빌II,0.3096219,266,365,1379.65,거짓,2002,18.04594378,,82,매주,매주,1,40284006.76,,396,"[0.286962603, 4.571511458, 15.86328268, 20.5344299, 22.6282459, 18.54819519, 12.33635628, 5.231015983]",38,23,4749.88,3.1,"MultiPolygon (((127.02798255 37.4942128, 127.02817653 37.49381115, 127.02783696 37.49370943, 127.02779554 37.49379336, 127.02781433 37.49379879, 127.0277058 37.49403105, 127.02768931 37.4940265, 127.02764763 37.49411085, 127.02779419 37.49415554, 127.027"
apartment_1165010609,롯데캐슬갤럭시1차,1.076655865,468,256,2371,거짓,2002,19.49020473,,83,매주,매주,1,45872171.14,,454,"[1.659970252, 6.051388675, 14.40534795, 20.64386983, 25.20036026, 19.06362955, 10.38773149, 2.587702]",33,11,8409.16,17.64,"MultiPolygon (((127.01736914 37.52021676, 127.01708338 37.51960377, 127.01558197 37.51995479, 127.01581479 37.52059907, 127.01590345 37.52064319, 127.0160115 37.52067407, 127.01618049 37.52068508, 127.01638271 37.52065857, 127.01669297 37.52056587, 127.0"
apartment_1165010647,래미안신반포리오센트,0.324815929,860,475,4184.41,거짓,2019,18.70791287,,84,매주,매주,1,66407495.14,,410,"[0.355976575, 5.296746584, 10.24593146, 16.4777287, 24.31662809, 22.5080174, 14.92566808, 5.873303102]",7,5,8009.85,16.45,"MultiPolygon (((127.01309775 37.51917972, 127.01397176 37.5196395, 127.0142463 37.51928066, 127.01411641 37.51856537, 127.01477615 37.51839012, 127.01449197 37.51755618, 127.01335688 37.51778539, 127.01306413 37.5191066, 127.01309775 37.51917972)))"
apartment_1165010101,삼환나띠르빌,3.25661087,159,126,4271.65,거짓,2003,21.92314317,,84,매주,매주,1,38312539.42,,358,"[0.266250758, 9.265412783, 11.23069376, 16.18897884, 16.97678931, 19.10837984, 16.20643791, 10.7570568]",7,2,6777.25,24.74,"MultiPolygon (((127.00576721 37.47976567, 127.00546204 37.4796732, 127.00481309 37.48101936, 127.00511827 37.48112553, 127.00576721 37.47976567)))"
apartment_1165010105,삼익,2.886458874,441,408,3602,거짓,1981,18.3326317,,85,매주,매주,1,40511384.9,,609,"[0.265336155, 7.113161352, 11.91067767, 15.34922718, 16.43387974, 19.7405654, 16.45394153, 12.73321097]",1,3,5261.37,11.83,"MultiPolygon (((127.00186775 37.47955921, 127.00214277 37.47913605, 127.00235031 37.47882271, 127.00262911 37.47840527, 127.0028173 37.47812163, 127.00278984 37.47805024, 127.00220243 37.47780692, 127.00173099 37.47760978, 127.00172149 37.47761347, 127.0"
apartment_1165010101,삼환나띠르빌,3.25661087,159,126,4271.65,거짓,2003,21.92314317,,85,매주,매주,1,38312539.42,,358,"[0.266250758, 9.265412783, 11.23069376, 16.18897884, 16.97678931, 19.10837984, 16.20643791, 10.7570568]",7,2,6777.25,24.74,"MultiPolygon (((127.00576721 37.47976567, 127.00546204 37.4796732, 127.00481309 37.48101936, 127.00511827 37.48112553, 127.00576721 37.47976567)))"
apartment_1165010646,동아,0.625816663,1021,991,4667.65,거짓,2002,19.70798689,,85,매주,매주,1,56155985.06,,567,"[0.204767691, 4.808503637, 14.57266068, 17.39353809, 22.23331545, 19.80279946, 14.49916582, 6.485249172]",15,4,7541.92,16.3,"MultiPolygon (((127.0109634 37.50927352, 127.01121636 37.50882613, 127.01112371 37.50817722, 127.01064852 37.50803469, 127.01001906 37.50783809, 127.00989564 37.50789218, 127.00935257 37.50774474, 127.00929704 37.50786273, 127.00926003 37.50796597, 127.0"
apartment_1165010852,아크로비스타,2.379813194,2044,757,1094.86,거짓,2004,18.15269252,,86,매주,매주,1,34950278.17,,887,"[0.992439493, 9.536686959, 9.267090427, 15.12350266, 25.1097147, 19.52970172, 12.44820625, 7.992657797]",19,5,13011.74,5.62,"MultiPolygon (((127.01350452 37.499444, 127.01405896 37.49698927, 127.0131132 37.49685334, 127.01298731 37.4974107, 127.01336895 37.49746598, 127.01329289 37.49780089, 127.01291117 37.49774569, 127.01280595 37.49824779, 127.01273225 37.49853273, 127.0125"
apartment_1165010833,서초e-편한세상1차,3.337767363,313,154,2751.31,거짓,2004,20.50864006,,86,매주,매주,1,19266951.53,,469,"[2.110113109, 11.75442438, 12.91686074, 17.46823504, 20.46119728, 18.56920392, 12.05139168, 4.668573839]",5,1,7312.95,19.64,"MultiPolygon (((127.00741327 37.48091009, 127.00649714 37.48063009, 127.0060601 37.48152487, 127.00625346 37.48158409, 127.0062271 37.48165169, 127.00624406 37.4816705, 127.00691589 37.48165056, 127.00696845 37.48160377, 127.00696754 37.48155932, 127.007"
apartment_1165010101,삼환나띠르빌,3.25661087,159,126,4271.65,거짓,2003,21.92314317,,86,매주,매주,1,38312539.42,,358,"[0.266250758, 9.265412783, 11.23069376, 16.18897884, 16.97678931, 19.10837984, 16.20643791, 10.7570568]",7,2,6777.25,24.74,"MultiPolygon (((127.00576721 37.47976567, 127.00546204 37.4796732, 127.00481309 37.48101936, 127.00511827 37.48112553, 127.00576721 37.47976567)))"
apartment_1165010128,방배롯데캐슬로제,2.848299662,387,130,3746.53,거짓,2009,20.9488305,,86,매주,매주,1,40148501.15,,365,"[0.150004234, 4.059187154, 9.451174025, 15.30063349, 22.77100563, 22.1168541, 17.67398677, 8.477154597]",5,1,88357.59,61.01,"MultiPolygon (((126.99566999 37.49070909, 126.99596532 37.49025739, 126.99594593 37.49022132, 126.99427766 37.48954281, 126.99422593 37.48954968, 126.99377105 37.49025727, 126.99391762 37.49031739, 126.99398658 37.49047541, 126.99425385 37.49057677, 126."
apartment_1165010101,삼환나띠르빌,3.25661087,159,126,4271.65,거짓,2003,21.92314317,,89,매주,매주,1,38312539.42,,358,"[0.266250758, 9.265412783, 11.23069376, 16.18897884, 16.97678931, 19.10837984, 16.20643791, 10.7570568]",7,2,6777.25,24.74,"MultiPolygon (((127.00576721 37.47976567, 127.00546204 37.4796732, 127.00481309 37.48101936, 127.00511827 37.48112553, 127.00576721 37.47976567)))"
apartment_1165010844,아남,2.434948603,153,166,1599.53,거짓,1988,20.07122308,,89,매주,매주,1,44852916.01,,461,"[0.253239516, 4.097989649, 11.53603944, 16.98994735, 23.93735117, 22.10849851, 14.80954707, 6.267387295]",10,3,5737.5,13.12,"MultiPolygon (((127.02095302 37.49257744, 127.02089748 37.49245257, 127.02025104 37.4926426, 127.0203229 37.49279868, 127.02038498 37.49293656, 127.02041765 37.492999, 127.02042419 37.4930172, 127.02042745 37.49303281, 127.02042745 37.49305103, 127.02042"
apartment_1165010303,우면한라,1.793233514,219,252,3058.12,거짓,1994,20.0941633,,90,매주,매주,1,15157289.82,,643,"[0.183311381, 3.316735806, 8.697699324, 16.24362462, 22.80169955, 21.302075, 19.00529726, 8.449557057]",3,7,5129.56,10.37,"MultiPolygon (((127.02674087 37.47146875, 127.02622904 37.47113408, 127.02613747 37.47108152, 127.02607736 37.47114112, 127.02605949 37.47115925, 127.02578981 37.47097578, 127.02587064 37.47089685, 127.02575951 37.47082052, 127.02564524 37.47075614, 127."
apartment_1165010716,엠브이,3.756090879,145,154,1094.86,TRUE,1994,19.59728655,,90,매주,매주,1,37598746.83,,410,"[6.1190043, 9.667324811, 10.82825209, 22.1877376, 23.84514757, 13.65704068, 10.12552943, 3.569963516]",5,2,6196.29,11.29,"MultiPolygon (((127.01050526 37.49886739, 127.00998023 37.49879329, 127.00999725 37.49923281, 127.01000326 37.49937646, 127.0100067 37.49953915, 127.0100567 37.49957457, 127.01048173 37.49956346, 127.01054979 37.49953137, 127.0105537 37.49952827, 127.010"
apartment_1165010313,LH서초5단지,0.550438702,419,358,3606.25,거짓,2013,19.28865095,,91,매주,매주,1,17547822.6,,648,"[0.38342987, 5.445463145, 9.017067408, 17.74670297, 25.88460841, 21.19054412, 15.15953522, 5.172648857]",1,3,5426.2,7.12,"MultiPolygon (((127.02421183 37.45928328, 127.02427802 37.45928327, 127.02438704 37.45927704, 127.02446102 37.45929875, 127.02458172 37.45930804, 127.02474138 37.45937319, 127.02473732 37.45938035, 127.024866 37.45944765, 127.0248603 37.45945528, 127.024"
apartment_1165010807,삼성서초가든스위트,0.457067053,721,141,2376.44,거짓,2000,19.44134347,,91,매주,매주,1,40284006.76,,613,"[0.241733754, 4.071094805, 13.18744117, 19.91925055, 24.15207778, 19.81550828, 13.13035914, 5.48253452]",18,3,8725.39,25.81,"MultiPolygon (((127.02538766 37.49516892, 127.02540713 37.49516581, 127.02546869 37.49515174, 127.02551562 37.49514088, 127.0255657 37.49512673, 127.02571912 37.49513553, 127.02577283 37.4950213, 127.02579788 37.49500288, 127.02586146 37.49495428, 127.02"
apartment_1165010832,서초e-편한세상5차,4.423400402,396,161,2751.31,거짓,2005,19.54363024,,92,매주,매주,1,19266951.53,,460,"[2.058367211, 10.70316701, 13.70047161, 18.43163378, 20.98826742, 18.64397782, 11.23351337, 4.240601778]",4,1,9207.22,23.89,"MultiPolygon (((127.00748495 37.47921515, 127.00744281 37.47920089, 127.00741145 37.47918959, 127.00736509 37.47920675, 127.00727103 37.47919658, 127.0072521 37.47918002, 127.00704362 37.47917774, 127.00696255 37.47917601, 127.00691904 37.47919652, 127.0"
apartment_1165010643,신반포2차,0.44110328,3285,1572,1184.02,거짓,1978,18.19528029,,92,매주,매주,1,60098673.78,,539,"[2.056952434, 9.320245143, 18.64449259, 19.68750146, 22.6340151, 16.48437391, 8.897244082, 2.275175285]",15,15,8232.44,31.98,"MultiPolygon (((127.00111981 37.50820357, 127.00009602 37.50789698, 126.99991702 37.50831599, 126.99978356 37.50870496, 126.99940516 37.50941039, 126.99942242 37.50957173, 127.0008784 37.51021467, 127.00175871 37.51059361, 127.00198907 37.51069623, 127.0"
apartment_1165010848,서초롯데캐슬프레지던트,1.494250059,428,280,2214.44,거짓,2014,18.28148337,,92,매주,매주,1,52523050.98,,435,"[0.375135911, 4.389358421, 11.24261825, 17.16259212, 24.11808949, 21.72844028, 14.75833756, 6.225427969]",13,11,8153.19,17.58,"MultiPolygon (((127.01982955 37.49739852, 127.0198741 37.49739491, 127.01998346 37.49738417, 127.02002926 37.49737966, 127.02006409 37.49737534, 127.02009688 37.49736992, 127.02014019 37.49736081, 127.02016449 37.49735459, 127.02017264 37.49735327, 127.0"
apartment_1165010802,서초푸르지오써밋,0.284774959,1279,907,6534.79,거짓,2017,18.00900007,,92,매주,매주,1,66811628.43,,502,"[2.291079916, 7.690537799, 15.20549648, 21.96470823, 24.7128537, 16.22848787, 9.363184245, 2.543651775]",5,8,6764.35,3.53,"MultiPolygon (((127.01983807 37.50149178, 127.02128057 37.50188847, 127.02171824 37.50087048, 127.02026772 37.50046419, 127.01983405 37.50148858, 127.01983807 37.50149178)))"
apartment_1165010131,방배e-편한세상1차,6.31189394,539,199,3746.53,거짓,2003,18.60103692,,92,매주,매주,1,20111548.02,,504,"[1.242955637, 5.555850519, 8.585969676, 14.91755345, 18.76189862, 20.1337955, 22.7670411, 8.034935491]",7,5,16421.84,26.18,"MultiPolygon (((126.99971962 37.48704994, 126.99970356 37.48702859, 126.99829475 37.48719077, 126.99827841 37.48720541, 126.99849558 37.4884393, 126.99853844 37.48845851, 126.99954551 37.48834329, 126.99928571 37.4880765, 126.99924018 37.48805729, 126.99"
apartment_1165010610,롯데캐슬갤럭시2차,1.576194167,852,428,2371,거짓,2004,19.24188572,,92,매주,매주,1,45872171.14,,536,"[1.722284764, 6.499289555, 14.83796974, 20.72661734, 25.11981346, 18.56965146, 10.167974, 2.356399681]",15,7,8231.43,25.8,"MultiPolygon (((127.01696273 37.51963012, 127.01618326 37.51811779, 127.01500252 37.5183775, 127.01531642 37.51923845, 127.01557705 37.51995329, 127.01696273 37.51963012)))"
apartment_1165010134,방배서리풀e-편한세상,6.814513206,932,496,7357.34,거짓,2010,17.62265799,,94,매주,매주,1,19224751.33,,512,"[0.104336703, 4.742195738, 13.95580569, 16.42247351, 20.93475807, 20.59013827, 15.72582537, 7.524466648]",2,1,8161.37,15.46,"MultiPolygon (((126.99786012 37.48457218, 126.99799983 37.48458703, 126.99808365 37.48457218, 126.99814885 37.48457961, 126.9982513 37.48460188, 126.99832581 37.48461673, 126.99841894 37.48462415, 126.99850277 37.48461673, 126.99856796 37.48460931, 126.9"
apartment_1165010718,반포미도2차,2.737011194,435,435,701.74,거짓,1989,18.42423164,,95,매주,매주,1,60803829.25,,611,"[2.296256884, 7.514381619, 14.86153006, 20.40323963, 23.65954829, 17.12542335, 10.9119202, 3.227699965]",22,5,5147.72,7.36,"MultiPolygon (((127.00785175 37.503345, 127.00819562 37.50268387, 127.00829311 37.50253508, 127.00832358 37.50249304, 127.00833373 37.5024332, 127.00802495 37.50231516, 127.007899 37.50217448, 127.00781852 37.50209842, 127.00795931 37.50183534, 127.00753"
apartment_1165010805,현대성우,0.525320292,353,138,6175.7,거짓,2002,18.99913853,,97,매주,매주,1,19218189.56,,564,"[0.132819725, 3.459394457, 17.70843613, 19.93892779, 22.14092393, 18.81522892, 12.80164134, 5.002627708]",22,19,8516.05,22.34,"MultiPolygon (((127.02463528 37.49791605, 127.02437224 37.49783453, 127.02405393 37.49848885, 127.0243581 37.49858157, 127.02446707 37.49836062, 127.02442608 37.49834756, 127.02463528 37.49791605)))"
apartment_1165010817,현대ESA,0.422049284,215,122,1735,거짓,2002,18.14811663,,97,매주,매주,1,20216975.11,,384,"[0.228603654, 3.631808011, 14.50203589, 22.15751125, 23.81725832, 18.32019779, 12.24565104, 5.096934036]",29,29,7058.55,18.52,"MultiPolygon (((127.02964323 37.49114318, 127.0296443 37.49114106, 127.02964829 37.49114152, 127.02964585 37.49113386, 127.029654 37.49113635, 127.02965673 37.49113165, 127.02969754 37.49104422, 127.02969588 37.49104265, 127.02970977 37.49101356, 127.029"
apartment_1165010139,신동아,2.11660401,493,493,5542.05,거짓,1982,18.39741707,,99,매주,매주,1,42856354.45,,481,"[1.965441646, 11.13254478, 11.98985442, 15.91473978, 17.88172635, 19.77734365, 13.38385728, 7.954492098]",1,6,8267.98,25.86,"MultiPolygon (((127.00289823 37.48122784, 127.00263909 37.4808687, 127.002202 37.48063165, 127.00201692 37.48053506, 127.0014012 37.48027521, 127.00143105 37.48022043, 127.00141737 37.48017682, 127.00095213 37.47998491, 127.00089843 37.48000221, 127.0003"
apartment_1165010634,한신로얄,0.267327845,239,208,1805.09,거짓,1992,20.11038644,,100,매주,매주,1,49925324.04,,609,"[0.318453459, 5.823162447, 14.2558459, 16.55660787, 21.38782588, 18.59481851, 14.87216102, 8.191124911]",2,2,6617.15,11.7,"MultiPolygon (((127.00980584 37.51358478, 127.00908606 37.51287295, 127.00905013 37.51287993, 127.00885798 37.51307647, 127.00887796 37.51309271, 127.00898327 37.51319614, 127.00883975 37.5132867, 127.00874767 37.51320841, 127.00874518 37.51320453, 127.0"
apartment_1165010618,신반포27차,0.138890823,78,156,4708.2,거짓,1985,19.51202034,,100,매주,매주,1,60098673.78,,295,"[2.670872152, 7.266293184, 13.58117965, 20.19219076, 23.84344104, 17.89494797, 10.8744853, 3.676589947]",17,5,5100.52,6.51,"MultiPolygon (((127.01012456 37.51537801, 127.01004865 37.51524565, 127.00988148 37.51535649, 127.00951401 37.51560032, 127.00949602 37.5156178, 127.00937172 37.51568557, 127.00926212 37.51575847, 127.00976021 37.51624488, 127.00985522 37.51623024, 127.0"
apartment_1165010706,반포래미안아이파크,1.692213535,1326,829,5650.98,거짓,2018,18.03583984,,100,매주,매주,1,77122656.39,,540,"[5.261393494, 8.786521017, 11.5198245, 22.12147322, 24.24105611, 14.86950684, 10.0365996, 3.163625209]",6,4,9389.84,15.4,"MultiPolygon (((127.01208727 37.50146432, 127.01263716 37.50174726, 127.01235013 37.50213496, 127.0130071 37.50260785, 127.01388781 37.50242943, 127.01442302 37.50217739, 127.01490957 37.50193311, 127.01407455 37.50134008, 127.01237937 37.50027857, 127.0"
apartment_1165010116,방배롯데캐슬아르떼,2.252503395,1168,744,1317.86,거짓,2013,20.31272845,,100,매주,매주,1,40148501.15,,579,"[1.734831268, 6.281085729, 15.46793447, 19.24932558, 22.54866575, 19.81798695, 11.6991036, 3.201066654]",2,1,7741.19,22.66,"MultiPolygon (((126.9828865 37.48354842, 126.98288804 37.48358434, 126.98290184 37.48383905, 126.98294693 37.48387212, 126.98413637 37.48383521, 126.98424844 37.48383486, 126.98429856 37.48475321, 126.98434361 37.48478594, 126.98506864 37.4847577, 126.98"
apartment_1165010619,잠원한신,0.156846806,540,540,4708.2,거짓,1992,19.6862357,,100,매주,매주,1,15294337.51,,648,"[0.376384469, 5.740714917, 10.30655882, 15.85529152, 23.28660683, 21.11331732, 15.65010374, 7.671022384]",14,3,7364.61,11.79,"MultiPolygon (((127.01190505 37.51613065, 127.01179758 37.51601992, 127.01140841 37.51562451, 127.01065058 37.5148571, 127.01042901 37.51500164, 127.01042936 37.5150111, 127.01038332 37.51503804, 127.01031915 37.51508237, 127.01043242 37.5152028, 127.010"
